product_id,product_name,description,price,category,rating,tags,popularity_score,brand/manufacturer,release_date,was_price,discount,link,image,embedding
101,1984,A dystopian novel about totalitarianism,$927.01 ,Book,3.1,"['Dystopian', 'Political', 'Science Fiction']",63,Secker & Warburg,6/8/1949,"$1,126.82 ",17.73,https://www.walker.net/,https://placeimg.com/200/200/any,
102,Sparkling Water,Refreshing and fizzy mineral water,$626.58 ,Food,4.1,"['Drink', 'Water', 'Beverage']",352,Beverage Co.,2/15/2021,$729.38 ,14.09,http://ortega.com/,https://dummyimage.com/200x200,
103,Smartphone X,Latest model with cutting-edge features,$501.75 ,Electronics,1.3,"['Gadget', 'Smartphone', 'Tech']",841,Tech Corp,9/20/2021,$611.47 ,17.94,https://www.norton.biz/,https://placeimg.com/200/200/any,
104,1984,A dystopian novel about totalitarianism,$199.08 ,Book,1.4,"['Dystopian', 'Political', 'Science Fiction']",122,Secker & Warburg,6/8/1949,$245.45 ,18.89,http://www.carroll-werner.com/,https://placekitten.com/200/200,
105,Smartphone X,Latest model with cutting-edge features,$483.84 ,Electronics,3.4,"['Gadget', 'Smartphone', 'Tech']",580,Tech Corp,9/20/2021,$521.03 ,7.14,http://www.ortiz-jimenez.com/,https://dummyimage.com/200x200,
106,Wooden Desk,Solid wood desk for office or home use,$818.86 ,Furniture,2.2,"['Furniture', 'Office', 'Home']",451,Furniture Co.,8/5/2020,$933.49 ,12.28,https://banks.biz/,https://placeimg.com/200/200/any,
107,Wireless Earbuds,High-quality sound in a compact design,$685.78 ,Electronics,4.1,"['Audio', 'Electronics', 'Wireless']",257,Audio Masters,12/1/2021,$691.68 ,0.85,http://www.miller.biz/,https://www.lorempixel.com/200/200,
108,Blue Jeans,Classic blue jeans for everyday wear,$325.38 ,Clothing,4.9,"['Apparel', 'Clothing', 'Casual']",805,Denim Co.,6/15/2021,$362.14 ,10.15,https://www.kelly.org/,https://placeimg.com/200/200/any,
109,1984,A dystopian novel about totalitarianism,$260.86 ,Book,2.8,"['Dystopian', 'Political', 'Science Fiction']",939,Secker & Warburg,6/8/1949,$288.87 ,9.7,http://www.garrett-diaz.biz/,https://dummyimage.com/200x200,
110,Modern Sofa,A comfortable modern sofa for living rooms,$150.19 ,Furniture,3.4,"['Furniture', 'Home', 'Living Room']",885,HomeStyle,3/10/2021,$180.30 ,16.7,http://www.forbes.com/,https://www.lorempixel.com/200/200,
111,Organic Almonds,Crunchy and nutritious organic almonds,$11.88 ,Food,2.3,"['Food', 'Organic', 'Snack']",398,Nature's Best,1/10/2022,$12.30 ,3.41,https://www.tran.info/,https://placekitten.com/200/200,
112,Organic Almonds,Crunchy and nutritious organic almonds,$382.22 ,Food,2.3,"['Food', 'Organic', 'Snack']",461,Nature's Best,1/10/2022,$436.91 ,12.52,https://www.franco.info/,https://dummyimage.com/200x200,
113,Modern Sofa,A comfortable modern sofa for living rooms,$631.47 ,Furniture,3.9,"['Furniture', 'Home', 'Living Room']",817,HomeStyle,3/10/2021,$801.76 ,21.24,http://ross.com/,https://placeimg.com/200/200/any,
114,Inception,A mind-bending thriller by Christopher Nolan,$343.28 ,Movie,1.8,"['Thriller', 'Sci-Fi', 'Action']",508,Warner Bros,7/16/2010,$362.47 ,5.29,https://johnson.com/,https://dummyimage.com/200x200,
115,Wireless Earbuds,High-quality sound in a compact design,$595.90 ,Electronics,4,"['Audio', 'Electronics', 'Wireless']",456,Audio Masters,12/1/2021,$752.00 ,20.76,http://alexander-rodriguez.com/,https://placeimg.com/200/200/any,
116,Red Hoodie,A cozy red hoodie for cold days,$991.68 ,Clothing,3.4,"['Apparel', 'Clothing', 'Fashion']",306,Fashion Brand,1/1/2022,"$1,199.76 ",17.34,http://snyder.com/,https://dummyimage.com/200x200,
117,Blue Jeans,Classic blue jeans for everyday wear,$793.92 ,Clothing,1.3,"['Apparel', 'Clothing', 'Casual']",288,Denim Co.,6/15/2021,$943.94 ,15.89,http://www.love-curtis.org/,https://placeimg.com/200/200/any,
118,Wooden Desk,Solid wood desk for office or home use,$422.80 ,Furniture,4.3,"['Furniture', 'Office', 'Home']",182,Furniture Co.,8/5/2020,$538.42 ,21.47,https://hunt.info/,https://placekitten.com/200/200,
119,1984,A dystopian novel about totalitarianism,$724.55 ,Book,1.9,"['Dystopian', 'Political', 'Science Fiction']",543,Secker & Warburg,6/8/1949,$842.89 ,14.04,http://www.davis.net/,https://placekitten.com/200/200,
120,Blue Jeans,Classic blue jeans for everyday wear,$637.63 ,Clothing,4.1,"['Apparel', 'Clothing', 'Casual']",566,Denim Co.,6/15/2021,$743.15 ,14.2,https://www.rice.com/,https://placeimg.com/200/200/any,
121,Wooden Desk,Solid wood desk for office or home use,$836.08 ,Furniture,1.9,"['Furniture', 'Office', 'Home']",971,Furniture Co.,8/5/2020,$917.99 ,8.92,http://braun.com/,https://placekitten.com/200/200,
122,Sparkling Water,Refreshing and fizzy mineral water,$713.51 ,Food,2.8,"['Drink', 'Water', 'Beverage']",243,Beverage Co.,2/15/2021,$753.63 ,5.32,https://www.hampton.net/,https://placeimg.com/200/200/any,
123,1984,A dystopian novel about totalitarianism,$414.40 ,Book,2.3,"['Dystopian', 'Political', 'Science Fiction']",988,Secker & Warburg,6/8/1949,$460.70 ,10.05,http://medina.org/,https://dummyimage.com/200x200,
124,1984,A dystopian novel about totalitarianism,$438.18 ,Book,4.2,"['Dystopian', 'Political', 'Science Fiction']",162,Secker & Warburg,6/8/1949,$500.14 ,12.39,https://www.ferrell-gutierrez.com/,https://dummyimage.com/200x200,
125,Smartphone X,Latest model with cutting-edge features,$274.05 ,Electronics,4.4,"['Gadget', 'Smartphone', 'Tech']",88,Tech Corp,9/20/2021,$280.58 ,2.33,https://kirk.com/,https://www.lorempixel.com/200/200,
126,Blue Jeans,Classic blue jeans for everyday wear,$340.88 ,Clothing,1.5,"['Apparel', 'Clothing', 'Casual']",123,Denim Co.,6/15/2021,$364.41 ,6.46,http://dawson.org/,https://www.lorempixel.com/200/200,
127,Organic Almonds,Crunchy and nutritious organic almonds,$718.30 ,Food,2.1,"['Food', 'Organic', 'Snack']",3,Nature's Best,1/10/2022,$826.49 ,13.09,http://www.griffin.org/,https://dummyimage.com/200x200,
128,To Kill a Mockingbird,A novel about racial injustice in the Deep South,$793.65 ,Book,4,"['Classic', 'Drama', 'Historical']",402,J.B. Lippincott & Co.,7/11/1960,$823.91 ,3.67,https://cole-carney.org/,https://placeimg.com/200/200/any,
129,Wireless Earbuds,High-quality sound in a compact design,$543.33 ,Electronics,4.9,"['Audio', 'Electronics', 'Wireless']",987,Audio Masters,12/1/2021,$653.57 ,16.87,https://www.wang-wilson.com/,https://dummyimage.com/200x200,
130,Inception,A mind-bending thriller by Christopher Nolan,$884.67 ,Movie,1.6,"['Thriller', 'Sci-Fi', 'Action']",696,Warner Bros,7/16/2010,"$1,085.08 ",18.47,https://www.lee.org/,https://dummyimage.com/200x200,
131,Inception,A mind-bending thriller by Christopher Nolan,$161.33 ,Movie,2.8,"['Thriller', 'Sci-Fi', 'Action']",73,Warner Bros,7/16/2010,$191.17 ,15.61,https://www.anderson.com/,https://placeimg.com/200/200/any,
132,Inception,A mind-bending thriller by Christopher Nolan,$734.98 ,Movie,4.4,"['Thriller', 'Sci-Fi', 'Action']",744,Warner Bros,7/16/2010,$893.14 ,17.71,http://hartman-cook.org/,https://dummyimage.com/200x200,
133,Sparkling Water,Refreshing and fizzy mineral water,$289.72 ,Food,2.6,"['Drink', 'Water', 'Beverage']",942,Beverage Co.,2/15/2021,$342.14 ,15.32,http://wyatt-smith.com/,https://placekitten.com/200/200,
134,Organic Almonds,Crunchy and nutritious organic almonds,$678.79 ,Food,2.8,"['Food', 'Organic', 'Snack']",268,Nature's Best,1/10/2022,$758.27 ,10.48,http://morse.biz/,https://dummyimage.com/200x200,
135,1984,A dystopian novel about totalitarianism,$525.66 ,Book,1.2,"['Dystopian', 'Political', 'Science Fiction']",730,Secker & Warburg,6/8/1949,$673.85 ,21.99,https://www.turner-bailey.info/,https://dummyimage.com/200x200,
136,Wireless Earbuds,High-quality sound in a compact design,$757.27 ,Electronics,2.8,"['Audio', 'Electronics', 'Wireless']",496,Audio Masters,12/1/2021,$870.70 ,13.03,http://www.smith.com/,https://www.lorempixel.com/200/200,
137,Wooden Desk,Solid wood desk for office or home use,$647.03 ,Furniture,1.1,"['Furniture', 'Office', 'Home']",88,Furniture Co.,8/5/2020,$750.51 ,13.79,http://www.garcia-watson.com/,https://placeimg.com/200/200/any,
138,To Kill a Mockingbird,A novel about racial injustice in the Deep South,$669.08 ,Book,2.6,"['Classic', 'Drama', 'Historical']",674,J.B. Lippincott & Co.,7/11/1960,$833.29 ,19.71,http://gutierrez.com/,https://placekitten.com/200/200,
139,Smartphone X,Latest model with cutting-edge features,$785.42 ,Electronics,4,"['Gadget', 'Smartphone', 'Tech']",506,Tech Corp,9/20/2021,$986.93 ,20.42,http://www.smith-myers.com/,https://placekitten.com/200/200,
140,Modern Sofa,A comfortable modern sofa for living rooms,$212.65 ,Furniture,4.9,"['Furniture', 'Home', 'Living Room']",186,HomeStyle,3/10/2021,$263.10 ,19.18,http://miles.com/,https://www.lorempixel.com/200/200,
141,Wooden Desk,Solid wood desk for office or home use,$417.81 ,Furniture,3.6,"['Furniture', 'Office', 'Home']",44,Furniture Co.,8/5/2020,$475.87 ,12.2,http://stuart.com/,https://dummyimage.com/200x200,
142,The Matrix,A hacker discovers a shocking truth about reality,$37.17 ,Movie,2.3,"['Action', 'Sci-Fi', 'Thriller']",189,Warner Bros,3/31/1999,$42.16 ,11.84,http://www.brewer.org/,https://placekitten.com/200/200,
143,Modern Sofa,A comfortable modern sofa for living rooms,$5.69 ,Furniture,2.9,"['Furniture', 'Home', 'Living Room']",830,HomeStyle,3/10/2021,$6.38 ,10.82,https://rios-lawrence.com/,https://dummyimage.com/200x200,
144,1984,A dystopian novel about totalitarianism,$607.85 ,Book,2.9,"['Dystopian', 'Political', 'Science Fiction']",321,Secker & Warburg,6/8/1949,$783.75 ,22.44,http://www.hamilton.com/,https://placeimg.com/200/200/any,
145,1984,A dystopian novel about totalitarianism,$565.99 ,Book,1.6,"['Dystopian', 'Political', 'Science Fiction']",47,Secker & Warburg,6/8/1949,$699.62 ,19.1,https://simon.com/,https://placeimg.com/200/200/any,
146,1984,A dystopian novel about totalitarianism,$952.53 ,Book,1.5,"['Dystopian', 'Political', 'Science Fiction']",424,Secker & Warburg,6/8/1949,"$1,221.70 ",22.03,http://www.martinez-robertson.net/,https://www.lorempixel.com/200/200,
147,Inception,A mind-bending thriller by Christopher Nolan,$478.99 ,Movie,1.3,"['Thriller', 'Sci-Fi', 'Action']",860,Warner Bros,7/16/2010,$532.74 ,10.09,http://tucker.com/,https://dummyimage.com/200x200,
148,1984,A dystopian novel about totalitarianism,$210.73 ,Book,3.9,"['Dystopian', 'Political', 'Science Fiction']",66,Secker & Warburg,6/8/1949,$213.90 ,1.48,http://nicholson-wright.info/,https://dummyimage.com/200x200,
149,1984,A dystopian novel about totalitarianism,$81.52 ,Book,4.7,"['Dystopian', 'Political', 'Science Fiction']",980,Secker & Warburg,6/8/1949,$97.85 ,16.69,https://wright.com/,https://placekitten.com/200/200,
150,Red Hoodie,A cozy red hoodie for cold days,$110.13 ,Clothing,1.5,"['Apparel', 'Clothing', 'Fashion']",731,Fashion Brand,1/1/2022,$124.30 ,11.4,http://www.morgan.com/,https://placeimg.com/200/200/any,
151,Sparkling Water,Refreshing and fizzy mineral water,$408.41 ,Food,3.8,"['Drink', 'Water', 'Beverage']",125,Beverage Co.,2/15/2021,$514.48 ,20.62,https://thompson-marshall.com/,https://placeimg.com/200/200/any,
152,Red Hoodie,A cozy red hoodie for cold days,$941.59 ,Clothing,3.7,"['Apparel', 'Clothing', 'Fashion']",99,Fashion Brand,1/1/2022,"$1,143.43 ",17.65,http://ross-smith.net/,https://dummyimage.com/200x200,
153,The Matrix,A hacker discovers a shocking truth about reality,$894.54 ,Movie,3.5,"['Action', 'Sci-Fi', 'Thriller']",337,Warner Bros,3/31/1999,$906.64 ,1.33,http://carey.com/,https://placekitten.com/200/200,
154,Smartphone X,Latest model with cutting-edge features,$69.86 ,Electronics,1.3,"['Gadget', 'Smartphone', 'Tech']",999,Tech Corp,9/20/2021,$78.38 ,10.87,http://www.porter.com/,https://www.lorempixel.com/200/200,
155,Blue Jeans,Classic blue jeans for everyday wear,$169.15 ,Clothing,2.5,"['Apparel', 'Clothing', 'Casual']",299,Denim Co.,6/15/2021,$191.06 ,11.47,https://www.stanton-colon.biz/,https://www.lorempixel.com/200/200,
156,Wireless Earbuds,High-quality sound in a compact design,$475.09 ,Electronics,3.4,"['Audio', 'Electronics', 'Wireless']",359,Audio Masters,12/1/2021,$481.57 ,1.35,https://ross.com/,https://placekitten.com/200/200,
157,Red Hoodie,A cozy red hoodie for cold days,$659.48 ,Clothing,4.2,"['Apparel', 'Clothing', 'Fashion']",567,Fashion Brand,1/1/2022,$677.01 ,2.59,https://www.johnson.com/,https://placeimg.com/200/200/any,
158,Smartphone X,Latest model with cutting-edge features,$970.74 ,Electronics,4.5,"['Gadget', 'Smartphone', 'Tech']",359,Tech Corp,9/20/2021,"$1,041.20 ",6.77,https://quinn.com/,https://www.lorempixel.com/200/200,
159,Wooden Desk,Solid wood desk for office or home use,$900.89 ,Furniture,2,"['Furniture', 'Office', 'Home']",588,Furniture Co.,8/5/2020,"$1,091.89 ",17.49,https://www.anderson-jones.com/,https://www.lorempixel.com/200/200,
160,Blue Jeans,Classic blue jeans for everyday wear,$756.74 ,Clothing,2.2,"['Apparel', 'Clothing', 'Casual']",800,Denim Co.,6/15/2021,$961.40 ,21.29,https://www.barnes.com/,https://www.lorempixel.com/200/200,
161,1984,A dystopian novel about totalitarianism,$817.32 ,Book,4.6,"['Dystopian', 'Political', 'Science Fiction']",985,Secker & Warburg,6/8/1949,$981.05 ,16.69,http://fitzgerald-acosta.info/,https://placekitten.com/200/200,
162,Smartphone X,Latest model with cutting-edge features,$298.37 ,Electronics,4.9,"['Gadget', 'Smartphone', 'Tech']",941,Tech Corp,9/20/2021,$371.90 ,19.77,https://www.lee-lynch.com/,https://placeimg.com/200/200/any,
163,The Matrix,A hacker discovers a shocking truth about reality,$182.68 ,Movie,2.7,"['Action', 'Sci-Fi', 'Thriller']",841,Warner Bros,3/31/1999,$185.65 ,1.6,http://tate-miles.com/,https://placeimg.com/200/200/any,
164,Inception,A mind-bending thriller by Christopher Nolan,$979.90 ,Movie,2,"['Thriller', 'Sci-Fi', 'Action']",594,Warner Bros,7/16/2010,"$1,021.22 ",4.05,https://perez-davis.com/,https://dummyimage.com/200x200,
165,Sparkling Water,Refreshing and fizzy mineral water,$371.70 ,Food,3.3,"['Drink', 'Water', 'Beverage']",177,Beverage Co.,2/15/2021,$380.04 ,2.19,http://martinez-cruz.com/,https://placeimg.com/200/200/any,
166,The Matrix,A hacker discovers a shocking truth about reality,$555.77 ,Movie,3.6,"['Action', 'Sci-Fi', 'Thriller']",729,Warner Bros,3/31/1999,$558.82 ,0.55,http://www.torres.com/,https://placeimg.com/200/200/any,
167,To Kill a Mockingbird,A novel about racial injustice in the Deep South,$362.14 ,Book,2.7,"['Classic', 'Drama', 'Historical']",778,J.B. Lippincott & Co.,7/11/1960,$409.03 ,11.46,http://bowen.info/,https://placekitten.com/200/200,
168,Sparkling Water,Refreshing and fizzy mineral water,$366.97 ,Food,4.9,"['Drink', 'Water', 'Beverage']",471,Beverage Co.,2/15/2021,$434.69 ,15.58,https://www.huerta.com/,https://dummyimage.com/200x200,
169,Wireless Earbuds,High-quality sound in a compact design,$702.15 ,Electronics,4.2,"['Audio', 'Electronics', 'Wireless']",7,Audio Masters,12/1/2021,$760.86 ,7.72,https://www.hughes.com/,https://www.lorempixel.com/200/200,
170,Inception,A mind-bending thriller by Christopher Nolan,$700.68 ,Movie,2.9,"['Thriller', 'Sci-Fi', 'Action']",77,Warner Bros,7/16/2010,$789.52 ,11.25,https://carter.org/,https://dummyimage.com/200x200,
171,1984,A dystopian novel about totalitarianism,$269.71 ,Book,2.5,"['Dystopian', 'Political', 'Science Fiction']",619,Secker & Warburg,6/8/1949,$287.81 ,6.29,https://ray.com/,https://dummyimage.com/200x200,
172,Inception,A mind-bending thriller by Christopher Nolan,$791.65 ,Movie,4.5,"['Thriller', 'Sci-Fi', 'Action']",954,Warner Bros,7/16/2010,$873.83 ,9.4,http://www.alvarez.net/,https://dummyimage.com/200x200,
173,To Kill a Mockingbird,A novel about racial injustice in the Deep South,$386.92 ,Book,3.1,"['Classic', 'Drama', 'Historical']",395,J.B. Lippincott & Co.,7/11/1960,$436.27 ,11.31,https://www.taylor.com/,https://placekitten.com/200/200,
174,Modern Sofa,A comfortable modern sofa for living rooms,$468.01 ,Furniture,3.3,"['Furniture', 'Home', 'Living Room']",15,HomeStyle,3/10/2021,$578.32 ,19.07,http://bond-chen.com/,https://dummyimage.com/200x200,
175,Red Hoodie,A cozy red hoodie for cold days,$946.13 ,Clothing,4.4,"['Apparel', 'Clothing', 'Fashion']",688,Fashion Brand,1/1/2022,"$1,120.01 ",15.52,http://www.moore-murphy.com/,https://placekitten.com/200/200,
176,Inception,A mind-bending thriller by Christopher Nolan,$868.13 ,Movie,3.6,"['Thriller', 'Sci-Fi', 'Action']",988,Warner Bros,7/16/2010,$878.59 ,1.19,https://pierce.net/,https://placeimg.com/200/200/any,
177,1984,A dystopian novel about totalitarianism,$376.10 ,Book,1,"['Dystopian', 'Political', 'Science Fiction']",209,Secker & Warburg,6/8/1949,$456.67 ,17.64,https://grant-hodges.com/,https://placeimg.com/200/200/any,
178,Wireless Earbuds,High-quality sound in a compact design,$227.54 ,Electronics,3.9,"['Audio', 'Electronics', 'Wireless']",315,Audio Masters,12/1/2021,$284.07 ,19.9,https://www.obrien-watson.biz/,https://placeimg.com/200/200/any,
179,Blue Jeans,Classic blue jeans for everyday wear,$561.23 ,Clothing,4.3,"['Apparel', 'Clothing', 'Casual']",619,Denim Co.,6/15/2021,$601.83 ,6.75,https://www.reed-villa.com/,https://dummyimage.com/200x200,
180,Organic Almonds,Crunchy and nutritious organic almonds,$480.14 ,Food,3.3,"['Food', 'Organic', 'Snack']",714,Nature's Best,1/10/2022,$568.22 ,15.5,http://www.johnson.com/,https://dummyimage.com/200x200,
181,Blue Jeans,Classic blue jeans for everyday wear,$294.77 ,Clothing,4.4,"['Apparel', 'Clothing', 'Casual']",265,Denim Co.,6/15/2021,$335.54 ,12.15,http://smith.biz/,https://placekitten.com/200/200,
182,Smartphone X,Latest model with cutting-edge features,$486.97 ,Electronics,2.7,"['Gadget', 'Smartphone', 'Tech']",583,Tech Corp,9/20/2021,$524.42 ,7.14,http://www.williams-evans.org/,https://placekitten.com/200/200,
183,Organic Almonds,Crunchy and nutritious organic almonds,$832.12 ,Food,3,"['Food', 'Organic', 'Snack']",783,Nature's Best,1/10/2022,$882.80 ,5.74,https://www.wolf.com/,https://placekitten.com/200/200,
184,Blue Jeans,Classic blue jeans for everyday wear,$901.34 ,Clothing,3.2,"['Apparel', 'Clothing', 'Casual']",63,Denim Co.,6/15/2021,"$1,036.48 ",13.04,https://www.reed-walsh.com/,https://placeimg.com/200/200/any,
185,Smartphone X,Latest model with cutting-edge features,$897.65 ,Electronics,3.3,"['Gadget', 'Smartphone', 'Tech']",258,Tech Corp,9/20/2021,"$1,072.70 ",16.32,http://gonzalez.com/,https://placeimg.com/200/200/any,
186,Sparkling Water,Refreshing and fizzy mineral water,$702.91 ,Food,4.9,"['Drink', 'Water', 'Beverage']",276,Beverage Co.,2/15/2021,$868.72 ,19.09,https://yates.com/,https://placekitten.com/200/200,
187,Blue Jeans,Classic blue jeans for everyday wear,$29.96 ,Clothing,2,"['Apparel', 'Clothing', 'Casual']",511,Denim Co.,6/15/2021,$30.53 ,1.87,http://www.robinson.com/,https://placekitten.com/200/200,
188,Blue Jeans,Classic blue jeans for everyday wear,$762.67 ,Clothing,2.5,"['Apparel', 'Clothing', 'Casual']",346,Denim Co.,6/15/2021,$946.34 ,19.41,https://www.davis.org/,https://placeimg.com/200/200/any,
189,Smartphone X,Latest model with cutting-edge features,$45.32 ,Electronics,2.4,"['Gadget', 'Smartphone', 'Tech']",226,Tech Corp,9/20/2021,$53.59 ,15.43,https://www.phillips.biz/,https://placeimg.com/200/200/any,
190,Red Hoodie,A cozy red hoodie for cold days,$22.71 ,Clothing,1.3,"['Apparel', 'Clothing', 'Fashion']",331,Fashion Brand,1/1/2022,$23.47 ,3.24,https://www.yang.com/,https://placekitten.com/200/200,
191,Inception,A mind-bending thriller by Christopher Nolan,$585.17 ,Movie,4.6,"['Thriller', 'Sci-Fi', 'Action']",939,Warner Bros,7/16/2010,$634.97 ,7.84,http://www.mahoney.com/,https://placeimg.com/200/200/any,
192,Organic Almonds,Crunchy and nutritious organic almonds,$77.06 ,Food,3.6,"['Food', 'Organic', 'Snack']",729,Nature's Best,1/10/2022,$84.69 ,9.01,http://www.wheeler-ortiz.com/,https://placeimg.com/200/200/any,
193,The Matrix,A hacker discovers a shocking truth about reality,$819.20 ,Movie,4.7,"['Action', 'Sci-Fi', 'Thriller']",232,Warner Bros,3/31/1999,$999.99 ,18.08,http://johnston.com/,https://www.lorempixel.com/200/200,
194,Red Hoodie,A cozy red hoodie for cold days,$27.36 ,Clothing,1.7,"['Apparel', 'Clothing', 'Fashion']",996,Fashion Brand,1/1/2022,$35.54 ,23.02,https://www.schwartz.com/,https://placekitten.com/200/200,
195,Red Hoodie,A cozy red hoodie for cold days,$191.48 ,Clothing,1.4,"['Apparel', 'Clothing', 'Fashion']",935,Fashion Brand,1/1/2022,$223.90 ,14.48,https://www.boyd.com/,https://placeimg.com/200/200/any,
196,Wireless Earbuds,High-quality sound in a compact design,$748.50 ,Electronics,3.4,"['Audio', 'Electronics', 'Wireless']",100,Audio Masters,12/1/2021,$898.11 ,16.66,https://www.martin.com/,https://placeimg.com/200/200/any,
197,Blue Jeans,Classic blue jeans for everyday wear,$718.03 ,Clothing,1.7,"['Apparel', 'Clothing', 'Casual']",83,Denim Co.,6/15/2021,$785.11 ,8.54,https://www.green-castro.info/,https://www.lorempixel.com/200/200,
198,Smartphone X,Latest model with cutting-edge features,$37.01 ,Electronics,2.3,"['Gadget', 'Smartphone', 'Tech']",881,Tech Corp,9/20/2021,$46.51 ,20.43,https://cox.com/,https://placeimg.com/200/200/any,
199,Wooden Desk,Solid wood desk for office or home use,$386.16 ,Furniture,4.9,"['Furniture', 'Office', 'Home']",634,Furniture Co.,8/5/2020,$448.89 ,13.97,https://cummings-lynch.com/,https://placekitten.com/200/200,
200,Modern Sofa,A comfortable modern sofa for living rooms,$88.93 ,Furniture,3,"['Furniture', 'Home', 'Living Room']",419,HomeStyle,3/10/2021,$93.15 ,4.53,http://page.com/,https://dummyimage.com/200x200,
201,Sparkling Water,Refreshing and fizzy mineral water,$207.55 ,Food,4.6,"['Drink', 'Water', 'Beverage']",875,Beverage Co.,2/15/2021,$216.53 ,4.15,https://www.stewart-hamilton.com/,https://dummyimage.com/200x200,
202,Sparkling Water,Refreshing and fizzy mineral water,$689.47 ,Food,3.1,"['Drink', 'Water', 'Beverage']",373,Beverage Co.,2/15/2021,$864.08 ,20.21,https://lawrence-campbell.com/,https://dummyimage.com/200x200,
203,Blue Jeans,Classic blue jeans for everyday wear,$73.38 ,Clothing,1.9,"['Apparel', 'Clothing', 'Casual']",687,Denim Co.,6/15/2021,$88.43 ,17.02,http://martinez.com/,https://placeimg.com/200/200/any,
204,Sparkling Water,Refreshing and fizzy mineral water,$86.13 ,Food,2.7,"['Drink', 'Water', 'Beverage']",989,Beverage Co.,2/15/2021,$95.88 ,10.17,https://hayes.com/,https://placeimg.com/200/200/any,
205,Sparkling Water,Refreshing and fizzy mineral water,$133.39 ,Food,1.7,"['Drink', 'Water', 'Beverage']",785,Beverage Co.,2/15/2021,$137.69 ,3.12,https://www.smith-nelson.biz/,https://placeimg.com/200/200/any,
206,Sparkling Water,Refreshing and fizzy mineral water,$139.42 ,Food,2,"['Drink', 'Water', 'Beverage']",652,Beverage Co.,2/15/2021,$145.87 ,4.42,http://brooks-randall.com/,https://placeimg.com/200/200/any,
207,Blue Jeans,Classic blue jeans for everyday wear,$959.42 ,Clothing,1.7,"['Apparel', 'Clothing', 'Casual']",434,Denim Co.,6/15/2021,"$1,132.10 ",15.25,http://drake-moody.biz/,https://placeimg.com/200/200/any,
208,Inception,A mind-bending thriller by Christopher Nolan,$931.62 ,Movie,3.7,"['Thriller', 'Sci-Fi', 'Action']",605,Warner Bros,7/16/2010,"$1,049.71 ",11.25,https://www.herrera.com/,https://placeimg.com/200/200/any,
209,Smartphone X,Latest model with cutting-edge features,$143.72 ,Electronics,1.8,"['Gadget', 'Smartphone', 'Tech']",443,Tech Corp,9/20/2021,$174.45 ,17.62,https://www.smith.biz/,https://www.lorempixel.com/200/200,
210,Wooden Desk,Solid wood desk for office or home use,$936.74 ,Furniture,2,"['Furniture', 'Office', 'Home']",110,Furniture Co.,8/5/2020,"$1,199.96 ",21.94,http://porter-richards.com/,https://placeimg.com/200/200/any,
211,To Kill a Mockingbird,A novel about racial injustice in the Deep South,$418.92 ,Book,1.9,"['Classic', 'Drama', 'Historical']",618,J.B. Lippincott & Co.,7/11/1960,$431.36 ,2.88,http://www.miller-morris.com/,https://placeimg.com/200/200/any,
212,The Matrix,A hacker discovers a shocking truth about reality,$815.29 ,Movie,1.2,"['Action', 'Sci-Fi', 'Thriller']",249,Warner Bros,3/31/1999,$880.68 ,7.42,https://www.stevens.com/,https://dummyimage.com/200x200,
213,Red Hoodie,A cozy red hoodie for cold days,$646.40 ,Clothing,3.9,"['Apparel', 'Clothing', 'Fashion']",364,Fashion Brand,1/1/2022,$828.04 ,21.94,https://thomas.org/,https://dummyimage.com/200x200,
214,Organic Almonds,Crunchy and nutritious organic almonds,$744.31 ,Food,4.3,"['Food', 'Organic', 'Snack']",514,Nature's Best,1/10/2022,$829.63 ,10.28,http://www.austin.com/,https://www.lorempixel.com/200/200,
215,Wireless Earbuds,High-quality sound in a compact design,$108.12 ,Electronics,4.2,"['Audio', 'Electronics', 'Wireless']",190,Audio Masters,12/1/2021,$124.83 ,13.39,http://www.thomas.com/,https://dummyimage.com/200x200,
216,Inception,A mind-bending thriller by Christopher Nolan,$402.64 ,Movie,1,"['Thriller', 'Sci-Fi', 'Action']",563,Warner Bros,7/16/2010,$468.80 ,14.11,https://armstrong-garner.org/,https://www.lorempixel.com/200/200,
217,Blue Jeans,Classic blue jeans for everyday wear,$299.80 ,Clothing,4.7,"['Apparel', 'Clothing', 'Casual']",106,Denim Co.,6/15/2021,$345.45 ,13.21,http://villarreal.com/,https://www.lorempixel.com/200/200,
218,Red Hoodie,A cozy red hoodie for cold days,$274.32 ,Clothing,1.2,"['Apparel', 'Clothing', 'Fashion']",438,Fashion Brand,1/1/2022,$303.75 ,9.69,https://henderson-freeman.biz/,https://www.lorempixel.com/200/200,
219,Smartphone X,Latest model with cutting-edge features,$342.18 ,Electronics,3.9,"['Gadget', 'Smartphone', 'Tech']",175,Tech Corp,9/20/2021,$439.81 ,22.2,https://gray-mcdonald.com/,https://www.lorempixel.com/200/200,
220,Blue Jeans,Classic blue jeans for everyday wear,$212.45 ,Clothing,4.4,"['Apparel', 'Clothing', 'Casual']",895,Denim Co.,6/15/2021,$258.52 ,17.82,http://www.jones.com/,https://placeimg.com/200/200/any,
221,Sparkling Water,Refreshing and fizzy mineral water,$344.90 ,Food,2.4,"['Drink', 'Water', 'Beverage']",415,Beverage Co.,2/15/2021,$361.14 ,4.5,http://www.choi-torres.com/,https://placekitten.com/200/200,
222,Modern Sofa,A comfortable modern sofa for living rooms,$644.80 ,Furniture,2.1,"['Furniture', 'Home', 'Living Room']",953,HomeStyle,3/10/2021,$733.57 ,12.1,https://estes-reid.biz/,https://placeimg.com/200/200/any,
223,Red Hoodie,A cozy red hoodie for cold days,$256.30 ,Clothing,4.6,"['Apparel', 'Clothing', 'Fashion']",463,Fashion Brand,1/1/2022,$320.81 ,20.11,https://www.suarez.com/,https://www.lorempixel.com/200/200,
224,To Kill a Mockingbird,A novel about racial injustice in the Deep South,$558.08 ,Book,4.1,"['Classic', 'Drama', 'Historical']",354,J.B. Lippincott & Co.,7/11/1960,$585.92 ,4.75,https://www.murray.net/,https://dummyimage.com/200x200,
225,1984,A dystopian novel about totalitarianism,$796.83 ,Book,5,"['Dystopian', 'Political', 'Science Fiction']",286,Secker & Warburg,6/8/1949,$946.25 ,15.79,http://bryant-cook.biz/,https://dummyimage.com/200x200,
226,Blue Jeans,Classic blue jeans for everyday wear,$454.03 ,Clothing,1,"['Apparel', 'Clothing', 'Casual']",354,Denim Co.,6/15/2021,$554.60 ,18.13,https://ellis.net/,https://placeimg.com/200/200/any,
227,Smartphone X,Latest model with cutting-edge features,$284.87 ,Electronics,4.5,"['Gadget', 'Smartphone', 'Tech']",14,Tech Corp,9/20/2021,$306.30 ,7,https://www.dillon.com/,https://placekitten.com/200/200,
228,1984,A dystopian novel about totalitarianism,$243.16 ,Book,2.6,"['Dystopian', 'Political', 'Science Fiction']",817,Secker & Warburg,6/8/1949,$292.67 ,16.92,https://www.howell-sanford.com/,https://dummyimage.com/200x200,
229,To Kill a Mockingbird,A novel about racial injustice in the Deep South,$286.37 ,Book,2.5,"['Classic', 'Drama', 'Historical']",167,J.B. Lippincott & Co.,7/11/1960,$356.18 ,19.6,https://www.carter.net/,https://dummyimage.com/200x200,
230,Modern Sofa,A comfortable modern sofa for living rooms,$774.61 ,Furniture,3.5,"['Furniture', 'Home', 'Living Room']",947,HomeStyle,3/10/2021,$832.71 ,6.98,https://www.jacobson-davis.com/,https://www.lorempixel.com/200/200,
231,The Matrix,A hacker discovers a shocking truth about reality,$10.26 ,Movie,2.4,"['Action', 'Sci-Fi', 'Thriller']",502,Warner Bros,3/31/1999,$12.94 ,20.71,https://byrd-gonzalez.com/,https://dummyimage.com/200x200,
232,Sparkling Water,Refreshing and fizzy mineral water,$190.09 ,Food,1.8,"['Drink', 'Water', 'Beverage']",723,Beverage Co.,2/15/2021,$214.39 ,11.33,http://www.jennings-anderson.com/,https://placekitten.com/200/200,
233,Blue Jeans,Classic blue jeans for everyday wear,$136.24 ,Clothing,1.7,"['Apparel', 'Clothing', 'Casual']",740,Denim Co.,6/15/2021,$165.86 ,17.86,https://www.davis-gonzalez.com/,https://placeimg.com/200/200/any,
234,The Matrix,A hacker discovers a shocking truth about reality,$467.71 ,Movie,3.2,"['Action', 'Sci-Fi', 'Thriller']",628,Warner Bros,3/31/1999,$520.58 ,10.16,http://www.kim-robinson.com/,https://placeimg.com/200/200/any,
235,Smartphone X,Latest model with cutting-edge features,$600.10 ,Electronics,2.7,"['Gadget', 'Smartphone', 'Tech']",931,Tech Corp,9/20/2021,$675.89 ,11.21,http://richard.biz/,https://placeimg.com/200/200/any,
236,Sparkling Water,Refreshing and fizzy mineral water,$983.49 ,Food,1.4,"['Drink', 'Water', 'Beverage']",721,Beverage Co.,2/15/2021,"$1,164.56 ",15.55,https://campbell.net/,https://placekitten.com/200/200,
237,The Matrix,A hacker discovers a shocking truth about reality,$983.91 ,Movie,5,"['Action', 'Sci-Fi', 'Thriller']",671,Warner Bros,3/31/1999,"$1,220.93 ",19.41,https://www.keller-carpenter.com/,https://placeimg.com/200/200/any,
238,The Matrix,A hacker discovers a shocking truth about reality,$293.30 ,Movie,3.7,"['Action', 'Sci-Fi', 'Thriller']",972,Warner Bros,3/31/1999,$332.16 ,11.7,http://thomas.com/,https://dummyimage.com/200x200,
239,1984,A dystopian novel about totalitarianism,$61.32 ,Book,4.7,"['Dystopian', 'Political', 'Science Fiction']",396,Secker & Warburg,6/8/1949,$73.54 ,16.62,https://www.carpenter.com/,https://placekitten.com/200/200,
240,Red Hoodie,A cozy red hoodie for cold days,$782.89 ,Clothing,3.3,"['Apparel', 'Clothing', 'Fashion']",260,Fashion Brand,1/1/2022,$888.11 ,11.85,https://turner-griffith.com/,https://dummyimage.com/200x200,
241,To Kill a Mockingbird,A novel about racial injustice in the Deep South,$526.85 ,Book,2.8,"['Classic', 'Drama', 'Historical']",499,J.B. Lippincott & Co.,7/11/1960,$658.86 ,20.04,http://www.williams-brown.com/,https://www.lorempixel.com/200/200,
242,Wireless Earbuds,High-quality sound in a compact design,$791.25 ,Electronics,1.2,"['Audio', 'Electronics', 'Wireless']",466,Audio Masters,12/1/2021,$811.96 ,2.55,http://www.jones.com/,https://placeimg.com/200/200/any,
243,Blue Jeans,Classic blue jeans for everyday wear,$936.78 ,Clothing,2.5,"['Apparel', 'Clothing', 'Casual']",36,Denim Co.,6/15/2021,"$1,190.02 ",21.28,https://www.thomas-mcintyre.info/,https://placeimg.com/200/200/any,
244,Wireless Earbuds,High-quality sound in a compact design,$656.38 ,Electronics,1.6,"['Audio', 'Electronics', 'Wireless']",837,Audio Masters,12/1/2021,$827.18 ,20.65,https://flores-mccoy.com/,https://placeimg.com/200/200/any,
245,The Matrix,A hacker discovers a shocking truth about reality,$631.20 ,Movie,1.5,"['Action', 'Sci-Fi', 'Thriller']",105,Warner Bros,3/31/1999,$674.64 ,6.44,http://www.kirk.com/,https://www.lorempixel.com/200/200,
246,Inception,A mind-bending thriller by Christopher Nolan,$122.87 ,Movie,1.6,"['Thriller', 'Sci-Fi', 'Action']",181,Warner Bros,7/16/2010,$145.20 ,15.38,https://hunter.org/,https://dummyimage.com/200x200,
247,Smartphone X,Latest model with cutting-edge features,$6.02 ,Electronics,2.9,"['Gadget', 'Smartphone', 'Tech']",392,Tech Corp,9/20/2021,$7.52 ,19.95,https://www.baker.com/,https://placeimg.com/200/200/any,
248,Wireless Earbuds,High-quality sound in a compact design,$843.65 ,Electronics,3.3,"['Audio', 'Electronics', 'Wireless']",582,Audio Masters,12/1/2021,$858.94 ,1.78,http://carlson.com/,https://placekitten.com/200/200,
249,Inception,A mind-bending thriller by Christopher Nolan,$73.42 ,Movie,1.2,"['Thriller', 'Sci-Fi', 'Action']",673,Warner Bros,7/16/2010,$94.28 ,22.13,http://duncan.com/,https://placekitten.com/200/200,
250,Red Hoodie,A cozy red hoodie for cold days,$810.62 ,Clothing,1.8,"['Apparel', 'Clothing', 'Fashion']",777,Fashion Brand,1/1/2022,$970.25 ,16.45,https://sanchez.com/,https://placeimg.com/200/200/any,
251,Smartphone X,Latest model with cutting-edge features,$709.15 ,Electronics,2.5,"['Gadget', 'Smartphone', 'Tech']",761,Tech Corp,9/20/2021,$757.00 ,6.32,https://moreno.com/,https://dummyimage.com/200x200,
252,Inception,A mind-bending thriller by Christopher Nolan,$896.51 ,Movie,2.7,"['Thriller', 'Sci-Fi', 'Action']",451,Warner Bros,7/16/2010,$958.07 ,6.43,http://short.com/,https://www.lorempixel.com/200/200,
253,Organic Almonds,Crunchy and nutritious organic almonds,$469.70 ,Food,1,"['Food', 'Organic', 'Snack']",165,Nature's Best,1/10/2022,$476.53 ,1.43,https://www.preston.com/,https://placekitten.com/200/200,
254,Wireless Earbuds,High-quality sound in a compact design,$350.95 ,Electronics,2.8,"['Audio', 'Electronics', 'Wireless']",307,Audio Masters,12/1/2021,$392.84 ,10.66,http://brennan-davidson.com/,https://dummyimage.com/200x200,
255,Modern Sofa,A comfortable modern sofa for living rooms,$120.35 ,Furniture,1.7,"['Furniture', 'Home', 'Living Room']",38,HomeStyle,3/10/2021,$153.18 ,21.43,https://www.bradford-mendez.com/,https://placeimg.com/200/200/any,
256,To Kill a Mockingbird,A novel about racial injustice in the Deep South,$80.11 ,Book,2.2,"['Classic', 'Drama', 'Historical']",771,J.B. Lippincott & Co.,7/11/1960,$98.25 ,18.46,https://evans-lee.info/,https://www.lorempixel.com/200/200,
257,Red Hoodie,A cozy red hoodie for cold days,$621.40 ,Clothing,2.1,"['Apparel', 'Clothing', 'Fashion']",999,Fashion Brand,1/1/2022,$655.40 ,5.19,https://stafford.com/,https://placekitten.com/200/200,
258,1984,A dystopian novel about totalitarianism,$91.41 ,Book,2.9,"['Dystopian', 'Political', 'Science Fiction']",628,Secker & Warburg,6/8/1949,$100.95 ,9.45,http://www.gould.org/,https://placeimg.com/200/200/any,
259,Sparkling Water,Refreshing and fizzy mineral water,$699.02 ,Food,3.3,"['Drink', 'Water', 'Beverage']",385,Beverage Co.,2/15/2021,$758.47 ,7.84,https://www.clark-harrison.com/,https://placekitten.com/200/200,
260,Sparkling Water,Refreshing and fizzy mineral water,$429.90 ,Food,3.9,"['Drink', 'Water', 'Beverage']",210,Beverage Co.,2/15/2021,$545.89 ,21.25,https://henderson.com/,https://placekitten.com/200/200,
261,Smartphone X,Latest model with cutting-edge features,$711.33 ,Electronics,4.2,"['Gadget', 'Smartphone', 'Tech']",703,Tech Corp,9/20/2021,$822.61 ,13.53,https://www.wyatt.org/,https://placekitten.com/200/200,
262,Blue Jeans,Classic blue jeans for everyday wear,$303.56 ,Clothing,2.1,"['Apparel', 'Clothing', 'Casual']",789,Denim Co.,6/15/2021,$324.28 ,6.39,http://lopez.com/,https://dummyimage.com/200x200,
263,Organic Almonds,Crunchy and nutritious organic almonds,$285.73 ,Food,2.2,"['Food', 'Organic', 'Snack']",814,Nature's Best,1/10/2022,$330.22 ,13.47,https://www.joseph.com/,https://dummyimage.com/200x200,
264,Modern Sofa,A comfortable modern sofa for living rooms,$152.54 ,Furniture,4,"['Furniture', 'Home', 'Living Room']",851,HomeStyle,3/10/2021,$190.88 ,20.09,https://www.alvarado.net/,https://placekitten.com/200/200,
265,Sparkling Water,Refreshing and fizzy mineral water,$562.52 ,Food,3.9,"['Drink', 'Water', 'Beverage']",946,Beverage Co.,2/15/2021,$608.58 ,7.57,http://clark-sanders.com/,https://placeimg.com/200/200/any,
266,The Matrix,A hacker discovers a shocking truth about reality,$869.69 ,Movie,1.8,"['Action', 'Sci-Fi', 'Thriller']",710,Warner Bros,3/31/1999,$935.41 ,7.03,http://alexander-ware.biz/,https://dummyimage.com/200x200,
267,Smartphone X,Latest model with cutting-edge features,$472.18 ,Electronics,2.9,"['Gadget', 'Smartphone', 'Tech']",343,Tech Corp,9/20/2021,$497.27 ,5.05,http://www.hale-reyes.net/,https://www.lorempixel.com/200/200,
268,Inception,A mind-bending thriller by Christopher Nolan,$858.98 ,Movie,3.1,"['Thriller', 'Sci-Fi', 'Action']",620,Warner Bros,7/16/2010,$971.81 ,11.61,https://davis.org/,https://www.lorempixel.com/200/200,
269,Sparkling Water,Refreshing and fizzy mineral water,$319.55 ,Food,3.9,"['Drink', 'Water', 'Beverage']",2,Beverage Co.,2/15/2021,$320.20 ,0.2,https://hawkins.info/,https://placekitten.com/200/200,
270,Blue Jeans,Classic blue jeans for everyday wear,$512.96 ,Clothing,2.9,"['Apparel', 'Clothing', 'Casual']",192,Denim Co.,6/15/2021,$617.08 ,16.87,https://www.gates.com/,https://dummyimage.com/200x200,
271,Blue Jeans,Classic blue jeans for everyday wear,$679.50 ,Clothing,4.9,"['Apparel', 'Clothing', 'Casual']",1000,Denim Co.,6/15/2021,$703.02 ,3.35,http://www.hanna.com/,https://www.lorempixel.com/200/200,
272,Modern Sofa,A comfortable modern sofa for living rooms,$829.08 ,Furniture,4.6,"['Furniture', 'Home', 'Living Room']",851,HomeStyle,3/10/2021,"$1,032.42 ",19.7,http://harris-chen.net/,https://www.lorempixel.com/200/200,
273,Red Hoodie,A cozy red hoodie for cold days,$696.53 ,Clothing,4.2,"['Apparel', 'Clothing', 'Fashion']",143,Fashion Brand,1/1/2022,$756.88 ,7.97,http://king-murphy.com/,https://www.lorempixel.com/200/200,
274,Wooden Desk,Solid wood desk for office or home use,$49.48 ,Furniture,3.9,"['Furniture', 'Office', 'Home']",845,Furniture Co.,8/5/2020,$57.46 ,13.89,https://www.smith-fuller.info/,https://placekitten.com/200/200,
275,Wooden Desk,Solid wood desk for office or home use,$747.19 ,Furniture,4.7,"['Furniture', 'Office', 'Home']",962,Furniture Co.,8/5/2020,$870.78 ,14.19,https://blackwell.com/,https://www.lorempixel.com/200/200,
276,To Kill a Mockingbird,A novel about racial injustice in the Deep South,$431.29 ,Book,3.3,"['Classic', 'Drama', 'Historical']",193,J.B. Lippincott & Co.,7/11/1960,$453.21 ,4.84,http://delgado.com/,https://placeimg.com/200/200/any,
277,Modern Sofa,A comfortable modern sofa for living rooms,$712.17 ,Furniture,3.6,"['Furniture', 'Home', 'Living Room']",227,HomeStyle,3/10/2021,$741.01 ,3.89,http://moon.biz/,https://placekitten.com/200/200,
278,To Kill a Mockingbird,A novel about racial injustice in the Deep South,$8.14 ,Book,3.9,"['Classic', 'Drama', 'Historical']",443,J.B. Lippincott & Co.,7/11/1960,$9.49 ,14.23,http://montoya-mathews.biz/,https://placekitten.com/200/200,
279,Modern Sofa,A comfortable modern sofa for living rooms,$230.77 ,Furniture,3.6,"['Furniture', 'Home', 'Living Room']",207,HomeStyle,3/10/2021,$240.17 ,3.91,http://www.jones.biz/,https://www.lorempixel.com/200/200,
280,1984,A dystopian novel about totalitarianism,$229.01 ,Book,1.9,"['Dystopian', 'Political', 'Science Fiction']",939,Secker & Warburg,6/8/1949,$291.94 ,21.56,http://blanchard-armstrong.com/,https://dummyimage.com/200x200,
281,1984,A dystopian novel about totalitarianism,$901.85 ,Book,2.7,"['Dystopian', 'Political', 'Science Fiction']",817,Secker & Warburg,6/8/1949,$937.84 ,3.84,http://www.johnston-gates.com/,https://www.lorempixel.com/200/200,
282,To Kill a Mockingbird,A novel about racial injustice in the Deep South,$576.47 ,Book,4.5,"['Classic', 'Drama', 'Historical']",428,J.B. Lippincott & Co.,7/11/1960,$734.99 ,21.57,https://pratt.info/,https://dummyimage.com/200x200,
283,Inception,A mind-bending thriller by Christopher Nolan,$655.63 ,Movie,2.5,"['Thriller', 'Sci-Fi', 'Action']",917,Warner Bros,7/16/2010,$767.67 ,14.59,http://www.berry-williams.biz/,https://placeimg.com/200/200/any,
284,Organic Almonds,Crunchy and nutritious organic almonds,$721.84 ,Food,2.7,"['Food', 'Organic', 'Snack']",457,Nature's Best,1/10/2022,$883.11 ,18.26,https://www.mcintosh-love.net/,https://www.lorempixel.com/200/200,
285,Organic Almonds,Crunchy and nutritious organic almonds,$858.00 ,Food,4,"['Food', 'Organic', 'Snack']",392,Nature's Best,1/10/2022,$906.82 ,5.38,https://www.banks-kennedy.biz/,https://placekitten.com/200/200,
286,Organic Almonds,Crunchy and nutritious organic almonds,$728.62 ,Food,3.9,"['Food', 'Organic', 'Snack']",629,Nature's Best,1/10/2022,$934.85 ,22.06,https://harris.com/,https://www.lorempixel.com/200/200,
287,1984,A dystopian novel about totalitarianism,$996.01 ,Book,3.9,"['Dystopian', 'Political', 'Science Fiction']",840,Secker & Warburg,6/8/1949,"$1,177.87 ",15.44,http://www.elliott.com/,https://placeimg.com/200/200/any,
288,1984,A dystopian novel about totalitarianism,$91.41 ,Book,3.2,"['Dystopian', 'Political', 'Science Fiction']",607,Secker & Warburg,6/8/1949,$116.81 ,21.74,http://sims.com/,https://dummyimage.com/200x200,
289,Red Hoodie,A cozy red hoodie for cold days,$665.46 ,Clothing,2.1,"['Apparel', 'Clothing', 'Fashion']",900,Fashion Brand,1/1/2022,$822.37 ,19.08,http://flores-cervantes.com/,https://placekitten.com/200/200,
290,Inception,A mind-bending thriller by Christopher Nolan,$55.58 ,Movie,4.3,"['Thriller', 'Sci-Fi', 'Action']",144,Warner Bros,7/16/2010,$57.20 ,2.83,https://thomas.com/,https://placeimg.com/200/200/any,
291,Organic Almonds,Crunchy and nutritious organic almonds,$869.92 ,Food,3.4,"['Food', 'Organic', 'Snack']",704,Nature's Best,1/10/2022,$925.58 ,6.01,https://mitchell-hess.com/,https://placeimg.com/200/200/any,
292,Organic Almonds,Crunchy and nutritious organic almonds,$461.65 ,Food,2.1,"['Food', 'Organic', 'Snack']",14,Nature's Best,1/10/2022,$568.58 ,18.81,http://www.cunningham-ball.com/,https://placeimg.com/200/200/any,
293,The Matrix,A hacker discovers a shocking truth about reality,$884.91 ,Movie,1.4,"['Action', 'Sci-Fi', 'Thriller']",374,Warner Bros,3/31/1999,$950.27 ,6.88,http://vargas.com/,https://dummyimage.com/200x200,
294,Modern Sofa,A comfortable modern sofa for living rooms,$947.71 ,Furniture,1.1,"['Furniture', 'Home', 'Living Room']",33,HomeStyle,3/10/2021,$948.56 ,0.09,http://johnson-snyder.info/,https://www.lorempixel.com/200/200,
295,To Kill a Mockingbird,A novel about racial injustice in the Deep South,$919.98 ,Book,2.5,"['Classic', 'Drama', 'Historical']",252,J.B. Lippincott & Co.,7/11/1960,"$1,049.35 ",12.33,https://www.hamilton-hamilton.net/,https://www.lorempixel.com/200/200,
296,Modern Sofa,A comfortable modern sofa for living rooms,$927.48 ,Furniture,5,"['Furniture', 'Home', 'Living Room']",524,HomeStyle,3/10/2021,"$1,099.83 ",15.67,http://www.vargas.com/,https://placekitten.com/200/200,
297,1984,A dystopian novel about totalitarianism,$343.29 ,Book,3.8,"['Dystopian', 'Political', 'Science Fiction']",186,Secker & Warburg,6/8/1949,$344.89 ,0.46,http://www.mccarthy-rhodes.info/,https://dummyimage.com/200x200,
298,Smartphone X,Latest model with cutting-edge features,$582.74 ,Electronics,1.2,"['Gadget', 'Smartphone', 'Tech']",907,Tech Corp,9/20/2021,$697.59 ,16.46,http://brooks-clements.com/,https://placekitten.com/200/200,
299,1984,A dystopian novel about totalitarianism,$458.26 ,Book,4.7,"['Dystopian', 'Political', 'Science Fiction']",838,Secker & Warburg,6/8/1949,$490.72 ,6.61,https://www.brown.com/,https://dummyimage.com/200x200,
300,Organic Almonds,Crunchy and nutritious organic almonds,$200.13 ,Food,3.4,"['Food', 'Organic', 'Snack']",154,Nature's Best,1/10/2022,$246.70 ,18.88,https://wang.com/,https://www.lorempixel.com/200/200,
301,The Matrix,A hacker discovers a shocking truth about reality,$980.49 ,Movie,3.9,"['Action', 'Sci-Fi', 'Thriller']",530,Warner Bros,3/31/1999,"$1,100.13 ",10.88,http://www.kelly.com/,https://placeimg.com/200/200/any,
302,Blue Jeans,Classic blue jeans for everyday wear,$193.53 ,Clothing,4.9,"['Apparel', 'Clothing', 'Casual']",833,Denim Co.,6/15/2021,$211.49 ,8.49,https://www.scott-adams.biz/,https://www.lorempixel.com/200/200,
303,Sparkling Water,Refreshing and fizzy mineral water,$588.43 ,Food,3.3,"['Drink', 'Water', 'Beverage']",995,Beverage Co.,2/15/2021,$603.78 ,2.54,https://www.jacobson.com/,https://placeimg.com/200/200/any,
304,Blue Jeans,Classic blue jeans for everyday wear,$301.65 ,Clothing,2.4,"['Apparel', 'Clothing', 'Casual']",377,Denim Co.,6/15/2021,$349.58 ,13.71,https://tran.info/,https://www.lorempixel.com/200/200,
305,Modern Sofa,A comfortable modern sofa for living rooms,$304.17 ,Furniture,4.4,"['Furniture', 'Home', 'Living Room']",783,HomeStyle,3/10/2021,$375.56 ,19.01,https://www.page.com/,https://placekitten.com/200/200,
306,Modern Sofa,A comfortable modern sofa for living rooms,$770.90 ,Furniture,2.3,"['Furniture', 'Home', 'Living Room']",320,HomeStyle,3/10/2021,$917.04 ,15.94,http://giles.biz/,https://dummyimage.com/200x200,
307,To Kill a Mockingbird,A novel about racial injustice in the Deep South,$567.00 ,Book,4.3,"['Classic', 'Drama', 'Historical']",8,J.B. Lippincott & Co.,7/11/1960,$713.86 ,20.57,https://sellers.com/,https://placeimg.com/200/200/any,
308,Smartphone X,Latest model with cutting-edge features,$483.82 ,Electronics,2.7,"['Gadget', 'Smartphone', 'Tech']",203,Tech Corp,9/20/2021,$573.60 ,15.65,http://www.ward.info/,https://placeimg.com/200/200/any,
309,Wireless Earbuds,High-quality sound in a compact design,$435.75 ,Electronics,4.6,"['Audio', 'Electronics', 'Wireless']",4,Audio Masters,12/1/2021,$469.19 ,7.13,http://www.rivera.com/,https://dummyimage.com/200x200,
310,Organic Almonds,Crunchy and nutritious organic almonds,$438.60 ,Food,3.5,"['Food', 'Organic', 'Snack']",589,Nature's Best,1/10/2022,$493.99 ,11.21,https://medina-smith.com/,https://placekitten.com/200/200,
311,Red Hoodie,A cozy red hoodie for cold days,$969.93 ,Clothing,3.3,"['Apparel', 'Clothing', 'Fashion']",601,Fashion Brand,1/1/2022,"$1,171.46 ",17.2,http://brown-hunt.com/,https://www.lorempixel.com/200/200,
312,The Matrix,A hacker discovers a shocking truth about reality,$16.47 ,Movie,3.3,"['Action', 'Sci-Fi', 'Thriller']",140,Warner Bros,3/31/1999,$18.24 ,9.7,http://fuller-warren.com/,https://placekitten.com/200/200,
313,Wooden Desk,Solid wood desk for office or home use,$608.41 ,Furniture,1.5,"['Furniture', 'Office', 'Home']",919,Furniture Co.,8/5/2020,$746.61 ,18.51,http://acosta-johnson.com/,https://placeimg.com/200/200/any,
314,To Kill a Mockingbird,A novel about racial injustice in the Deep South,$119.61 ,Book,4.8,"['Classic', 'Drama', 'Historical']",586,J.B. Lippincott & Co.,7/11/1960,$124.40 ,3.85,http://garcia.com/,https://www.lorempixel.com/200/200,
315,Modern Sofa,A comfortable modern sofa for living rooms,$562.44 ,Furniture,1.1,"['Furniture', 'Home', 'Living Room']",684,HomeStyle,3/10/2021,$595.26 ,5.51,https://johnson.com/,https://www.lorempixel.com/200/200,
316,Wooden Desk,Solid wood desk for office or home use,$216.40 ,Furniture,4.8,"['Furniture', 'Office', 'Home']",915,Furniture Co.,8/5/2020,$275.25 ,21.38,https://white-ramos.net/,https://www.lorempixel.com/200/200,
317,Modern Sofa,A comfortable modern sofa for living rooms,$777.31 ,Furniture,4.7,"['Furniture', 'Home', 'Living Room']",672,HomeStyle,3/10/2021,$836.63 ,7.09,http://www.williams.info/,https://placekitten.com/200/200,
318,Inception,A mind-bending thriller by Christopher Nolan,$621.38 ,Movie,2.9,"['Thriller', 'Sci-Fi', 'Action']",464,Warner Bros,7/16/2010,$742.61 ,16.32,http://www.wright.biz/,https://placekitten.com/200/200,
319,Inception,A mind-bending thriller by Christopher Nolan,$265.47 ,Movie,3,"['Thriller', 'Sci-Fi', 'Action']",934,Warner Bros,7/16/2010,$316.57 ,16.14,http://santana.com/,https://placeimg.com/200/200/any,
320,Organic Almonds,Crunchy and nutritious organic almonds,$583.39 ,Food,2.8,"['Food', 'Organic', 'Snack']",544,Nature's Best,1/10/2022,$718.91 ,18.85,http://jensen.com/,https://www.lorempixel.com/200/200,
321,Organic Almonds,Crunchy and nutritious organic almonds,$665.41 ,Food,3.4,"['Food', 'Organic', 'Snack']",229,Nature's Best,1/10/2022,$675.83 ,1.54,http://www.larsen.com/,https://dummyimage.com/200x200,
322,Wooden Desk,Solid wood desk for office or home use,$713.48 ,Furniture,3.2,"['Furniture', 'Office', 'Home']",875,Furniture Co.,8/5/2020,$795.21 ,10.28,http://www.trujillo-mckay.com/,https://placeimg.com/200/200/any,
323,Wireless Earbuds,High-quality sound in a compact design,$377.27 ,Electronics,4.9,"['Audio', 'Electronics', 'Wireless']",270,Audio Masters,12/1/2021,$395.29 ,4.56,https://carpenter.net/,https://www.lorempixel.com/200/200,
324,Organic Almonds,Crunchy and nutritious organic almonds,$121.77 ,Food,4.6,"['Food', 'Organic', 'Snack']",664,Nature's Best,1/10/2022,$134.48 ,9.45,http://maldonado.org/,https://placeimg.com/200/200/any,
325,Organic Almonds,Crunchy and nutritious organic almonds,$410.45 ,Food,1.8,"['Food', 'Organic', 'Snack']",744,Nature's Best,1/10/2022,$449.91 ,8.77,https://www.adams.com/,https://www.lorempixel.com/200/200,
326,Red Hoodie,A cozy red hoodie for cold days,$737.09 ,Clothing,2.3,"['Apparel', 'Clothing', 'Fashion']",156,Fashion Brand,1/1/2022,$881.98 ,16.43,https://www.johnson-bell.com/,https://www.lorempixel.com/200/200,
327,Red Hoodie,A cozy red hoodie for cold days,$627.96 ,Clothing,3.1,"['Apparel', 'Clothing', 'Fashion']",294,Fashion Brand,1/1/2022,$783.62 ,19.86,https://sanders.com/,https://dummyimage.com/200x200,
328,The Matrix,A hacker discovers a shocking truth about reality,$476.39 ,Movie,4.1,"['Action', 'Sci-Fi', 'Thriller']",611,Warner Bros,3/31/1999,$482.60 ,1.29,http://www.kennedy.org/,https://placekitten.com/200/200,
329,Modern Sofa,A comfortable modern sofa for living rooms,$860.80 ,Furniture,4.3,"['Furniture', 'Home', 'Living Room']",267,HomeStyle,3/10/2021,"$1,034.48 ",16.79,http://flores-jackson.com/,https://dummyimage.com/200x200,
330,Inception,A mind-bending thriller by Christopher Nolan,$423.25 ,Movie,4.3,"['Thriller', 'Sci-Fi', 'Action']",537,Warner Bros,7/16/2010,$437.65 ,3.29,http://www.scott-hall.com/,https://dummyimage.com/200x200,
331,To Kill a Mockingbird,A novel about racial injustice in the Deep South,$481.38 ,Book,1.1,"['Classic', 'Drama', 'Historical']",867,J.B. Lippincott & Co.,7/11/1960,$528.06 ,8.84,https://www.berger-fitzpatrick.com/,https://www.lorempixel.com/200/200,
332,1984,A dystopian novel about totalitarianism,$236.54 ,Book,4.3,"['Dystopian', 'Political', 'Science Fiction']",520,Secker & Warburg,6/8/1949,$250.54 ,5.59,https://martin.net/,https://dummyimage.com/200x200,
333,To Kill a Mockingbird,A novel about racial injustice in the Deep South,$333.23 ,Book,3,"['Classic', 'Drama', 'Historical']",777,J.B. Lippincott & Co.,7/11/1960,$421.21 ,20.89,http://www.obrien.biz/,https://placekitten.com/200/200,
334,Blue Jeans,Classic blue jeans for everyday wear,$377.42 ,Clothing,1.7,"['Apparel', 'Clothing', 'Casual']",766,Denim Co.,6/15/2021,$421.74 ,10.51,http://macdonald.org/,https://placeimg.com/200/200/any,
335,Organic Almonds,Crunchy and nutritious organic almonds,$312.06 ,Food,4.1,"['Food', 'Organic', 'Snack']",947,Nature's Best,1/10/2022,$366.86 ,14.94,https://www.nichols.com/,https://dummyimage.com/200x200,
336,Organic Almonds,Crunchy and nutritious organic almonds,$193.93 ,Food,3.3,"['Food', 'Organic', 'Snack']",39,Nature's Best,1/10/2022,$196.64 ,1.38,https://mcclain.com/,https://placeimg.com/200/200/any,
337,Modern Sofa,A comfortable modern sofa for living rooms,$757.16 ,Furniture,4.4,"['Furniture', 'Home', 'Living Room']",95,HomeStyle,3/10/2021,$816.65 ,7.28,https://vargas.com/,https://placekitten.com/200/200,
338,Inception,A mind-bending thriller by Christopher Nolan,$691.22 ,Movie,4.5,"['Thriller', 'Sci-Fi', 'Action']",950,Warner Bros,7/16/2010,$810.96 ,14.77,https://trujillo.com/,https://dummyimage.com/200x200,
339,1984,A dystopian novel about totalitarianism,$810.64 ,Book,1.7,"['Dystopian', 'Political', 'Science Fiction']",31,Secker & Warburg,6/8/1949,$819.84 ,1.12,https://www.kennedy-macdonald.com/,https://www.lorempixel.com/200/200,
340,Modern Sofa,A comfortable modern sofa for living rooms,$859.59 ,Furniture,1.6,"['Furniture', 'Home', 'Living Room']",421,HomeStyle,3/10/2021,"$1,111.56 ",22.67,https://www.cooper.com/,https://www.lorempixel.com/200/200,
341,Wooden Desk,Solid wood desk for office or home use,$835.88 ,Furniture,4.4,"['Furniture', 'Office', 'Home']",244,Furniture Co.,8/5/2020,$960.26 ,12.95,http://www.miller.com/,https://placekitten.com/200/200,
342,Wireless Earbuds,High-quality sound in a compact design,$725.26 ,Electronics,1.6,"['Audio', 'Electronics', 'Wireless']",227,Audio Masters,12/1/2021,$787.08 ,7.85,http://jones.org/,https://www.lorempixel.com/200/200,
343,To Kill a Mockingbird,A novel about racial injustice in the Deep South,$688.96 ,Book,1.9,"['Classic', 'Drama', 'Historical']",372,J.B. Lippincott & Co.,7/11/1960,$721.81 ,4.55,https://meza-molina.com/,https://dummyimage.com/200x200,
344,Inception,A mind-bending thriller by Christopher Nolan,$564.76 ,Movie,3.7,"['Thriller', 'Sci-Fi', 'Action']",47,Warner Bros,7/16/2010,$680.37 ,16.99,https://chapman.org/,https://www.lorempixel.com/200/200,
345,1984,A dystopian novel about totalitarianism,$613.37 ,Book,1.5,"['Dystopian', 'Political', 'Science Fiction']",148,Secker & Warburg,6/8/1949,$784.70 ,21.83,http://sullivan.com/,https://www.lorempixel.com/200/200,
346,To Kill a Mockingbird,A novel about racial injustice in the Deep South,$141.04 ,Book,4.7,"['Classic', 'Drama', 'Historical']",122,J.B. Lippincott & Co.,7/11/1960,$158.44 ,10.98,http://anderson-gutierrez.com/,https://www.lorempixel.com/200/200,
347,Wireless Earbuds,High-quality sound in a compact design,$201.19 ,Electronics,2.2,"['Audio', 'Electronics', 'Wireless']",629,Audio Masters,12/1/2021,$212.46 ,5.3,http://weber.org/,https://placekitten.com/200/200,
348,Modern Sofa,A comfortable modern sofa for living rooms,$222.16 ,Furniture,4.9,"['Furniture', 'Home', 'Living Room']",275,HomeStyle,3/10/2021,$261.84 ,15.15,https://miller.com/,https://placeimg.com/200/200/any,
349,Wooden Desk,Solid wood desk for office or home use,$333.38 ,Furniture,4.4,"['Furniture', 'Office', 'Home']",400,Furniture Co.,8/5/2020,$392.94 ,15.16,https://www.cruz.com/,https://dummyimage.com/200x200,
350,Wooden Desk,Solid wood desk for office or home use,$118.89 ,Furniture,4.3,"['Furniture', 'Office', 'Home']",811,Furniture Co.,8/5/2020,$147.55 ,19.42,http://pearson.com/,https://placekitten.com/200/200,
351,Sparkling Water,Refreshing and fizzy mineral water,$846.96 ,Food,2.2,"['Drink', 'Water', 'Beverage']",729,Beverage Co.,2/15/2021,$946.39 ,10.51,http://martinez.info/,https://dummyimage.com/200x200,
352,Blue Jeans,Classic blue jeans for everyday wear,$494.34 ,Clothing,1.3,"['Apparel', 'Clothing', 'Casual']",693,Denim Co.,6/15/2021,$614.20 ,19.51,https://www.martin.com/,https://dummyimage.com/200x200,
353,The Matrix,A hacker discovers a shocking truth about reality,$801.90 ,Movie,4.1,"['Action', 'Sci-Fi', 'Thriller']",740,Warner Bros,3/31/1999,$906.94 ,11.58,https://www.hunter.com/,https://www.lorempixel.com/200/200,
354,Inception,A mind-bending thriller by Christopher Nolan,$503.71 ,Movie,1,"['Thriller', 'Sci-Fi', 'Action']",315,Warner Bros,7/16/2010,$620.08 ,18.77,http://www.yoder-mason.biz/,https://dummyimage.com/200x200,
355,Smartphone X,Latest model with cutting-edge features,$685.79 ,Electronics,3.9,"['Gadget', 'Smartphone', 'Tech']",363,Tech Corp,9/20/2021,$834.88 ,17.86,http://www.owens.com/,https://placekitten.com/200/200,
356,Wireless Earbuds,High-quality sound in a compact design,$583.23 ,Electronics,3.2,"['Audio', 'Electronics', 'Wireless']",380,Audio Masters,12/1/2021,$704.46 ,17.21,https://www.williams.com/,https://dummyimage.com/200x200,
357,Organic Almonds,Crunchy and nutritious organic almonds,$844.16 ,Food,2.4,"['Food', 'Organic', 'Snack']",453,Nature's Best,1/10/2022,$946.31 ,10.79,http://www.perez.com/,https://www.lorempixel.com/200/200,
358,To Kill a Mockingbird,A novel about racial injustice in the Deep South,$18.54 ,Book,4.7,"['Classic', 'Drama', 'Historical']",888,J.B. Lippincott & Co.,7/11/1960,$18.95 ,2.16,http://lewis.net/,https://www.lorempixel.com/200/200,
359,Blue Jeans,Classic blue jeans for everyday wear,$614.31 ,Clothing,1.8,"['Apparel', 'Clothing', 'Casual']",591,Denim Co.,6/15/2021,$699.49 ,12.18,http://www.perry-sutton.org/,https://placekitten.com/200/200,
360,Smartphone X,Latest model with cutting-edge features,$636.78 ,Electronics,4.3,"['Gadget', 'Smartphone', 'Tech']",350,Tech Corp,9/20/2021,$661.84 ,3.79,https://www.lloyd.org/,https://placeimg.com/200/200/any,
361,The Matrix,A hacker discovers a shocking truth about reality,$315.00 ,Movie,3.4,"['Action', 'Sci-Fi', 'Thriller']",258,Warner Bros,3/31/1999,$371.51 ,15.21,http://gross.com/,https://www.lorempixel.com/200/200,
362,Sparkling Water,Refreshing and fizzy mineral water,$487.35 ,Food,4.6,"['Drink', 'Water', 'Beverage']",920,Beverage Co.,2/15/2021,$513.91 ,5.17,http://vaughn-love.com/,https://dummyimage.com/200x200,
363,Organic Almonds,Crunchy and nutritious organic almonds,$389.64 ,Food,3.2,"['Food', 'Organic', 'Snack']",149,Nature's Best,1/10/2022,$425.75 ,8.48,https://www.suarez.com/,https://www.lorempixel.com/200/200,
364,Wireless Earbuds,High-quality sound in a compact design,$330.15 ,Electronics,3.4,"['Audio', 'Electronics', 'Wireless']",897,Audio Masters,12/1/2021,$350.30 ,5.75,https://johnson.biz/,https://www.lorempixel.com/200/200,
365,Wooden Desk,Solid wood desk for office or home use,$804.38 ,Furniture,1.8,"['Furniture', 'Office', 'Home']",909,Furniture Co.,8/5/2020,$806.28 ,0.24,http://montgomery.net/,https://www.lorempixel.com/200/200,
366,Wooden Desk,Solid wood desk for office or home use,$556.07 ,Furniture,4.6,"['Furniture', 'Office', 'Home']",101,Furniture Co.,8/5/2020,$582.92 ,4.61,https://glass.com/,https://dummyimage.com/200x200,
367,Wireless Earbuds,High-quality sound in a compact design,$375.51 ,Electronics,1.9,"['Audio', 'Electronics', 'Wireless']",971,Audio Masters,12/1/2021,$447.37 ,16.06,http://www.golden.com/,https://www.lorempixel.com/200/200,
368,Wireless Earbuds,High-quality sound in a compact design,$76.31 ,Electronics,1.9,"['Audio', 'Electronics', 'Wireless']",917,Audio Masters,12/1/2021,$88.45 ,13.73,http://www.conner.info/,https://placeimg.com/200/200/any,
369,Wireless Earbuds,High-quality sound in a compact design,$65.44 ,Electronics,1.7,"['Audio', 'Electronics', 'Wireless']",49,Audio Masters,12/1/2021,$82.22 ,20.41,http://jones.net/,https://placekitten.com/200/200,
370,Wireless Earbuds,High-quality sound in a compact design,$119.35 ,Electronics,4.6,"['Audio', 'Electronics', 'Wireless']",713,Audio Masters,12/1/2021,$126.93 ,5.97,http://pena.info/,https://placekitten.com/200/200,
371,Organic Almonds,Crunchy and nutritious organic almonds,$662.87 ,Food,4.5,"['Food', 'Organic', 'Snack']",832,Nature's Best,1/10/2022,$807.05 ,17.87,https://brooks-decker.com/,https://dummyimage.com/200x200,
372,Wireless Earbuds,High-quality sound in a compact design,$303.20 ,Electronics,2.5,"['Audio', 'Electronics', 'Wireless']",738,Audio Masters,12/1/2021,$370.41 ,18.14,http://callahan.com/,https://dummyimage.com/200x200,
373,1984,A dystopian novel about totalitarianism,$214.63 ,Book,2.6,"['Dystopian', 'Political', 'Science Fiction']",75,Secker & Warburg,6/8/1949,$243.27 ,11.77,http://castro.net/,https://www.lorempixel.com/200/200,
374,Blue Jeans,Classic blue jeans for everyday wear,$573.71 ,Clothing,4.6,"['Apparel', 'Clothing', 'Casual']",757,Denim Co.,6/15/2021,$689.10 ,16.75,http://little.com/,https://dummyimage.com/200x200,
375,1984,A dystopian novel about totalitarianism,$857.27 ,Book,3.8,"['Dystopian', 'Political', 'Science Fiction']",188,Secker & Warburg,6/8/1949,$906.71 ,5.45,http://www.hernandez.com/,https://placeimg.com/200/200/any,
376,Red Hoodie,A cozy red hoodie for cold days,$777.28 ,Clothing,1.3,"['Apparel', 'Clothing', 'Fashion']",66,Fashion Brand,1/1/2022,$997.17 ,22.05,http://salazar.org/,https://placeimg.com/200/200/any,
377,Blue Jeans,Classic blue jeans for everyday wear,$568.07 ,Clothing,2.1,"['Apparel', 'Clothing', 'Casual']",306,Denim Co.,6/15/2021,$627.79 ,9.51,http://stone.com/,https://dummyimage.com/200x200,
378,Modern Sofa,A comfortable modern sofa for living rooms,$812.98 ,Furniture,2.7,"['Furniture', 'Home', 'Living Room']",727,HomeStyle,3/10/2021,$939.10 ,13.43,https://www.baker.com/,https://dummyimage.com/200x200,
379,Sparkling Water,Refreshing and fizzy mineral water,$133.86 ,Food,2.9,"['Drink', 'Water', 'Beverage']",336,Beverage Co.,2/15/2021,$155.24 ,13.77,http://barker-gonzalez.com/,https://www.lorempixel.com/200/200,
380,The Matrix,A hacker discovers a shocking truth about reality,$990.57 ,Movie,3.9,"['Action', 'Sci-Fi', 'Thriller']",429,Warner Bros,3/31/1999,"$1,130.67 ",12.39,https://www.snyder.com/,https://placekitten.com/200/200,
381,1984,A dystopian novel about totalitarianism,$512.61 ,Book,1.6,"['Dystopian', 'Political', 'Science Fiction']",321,Secker & Warburg,6/8/1949,$632.79 ,18.99,https://www.ingram.com/,https://www.lorempixel.com/200/200,
382,Wooden Desk,Solid wood desk for office or home use,$54.54 ,Furniture,2.2,"['Furniture', 'Office', 'Home']",140,Furniture Co.,8/5/2020,$66.42 ,17.89,http://flores.info/,https://dummyimage.com/200x200,
383,To Kill a Mockingbird,A novel about racial injustice in the Deep South,$544.86 ,Book,4.5,"['Classic', 'Drama', 'Historical']",93,J.B. Lippincott & Co.,7/11/1960,$694.86 ,21.59,https://zuniga.com/,https://placekitten.com/200/200,
384,Smartphone X,Latest model with cutting-edge features,$732.42 ,Electronics,5,"['Gadget', 'Smartphone', 'Tech']",445,Tech Corp,9/20/2021,$904.96 ,19.07,https://www.smith.com/,https://dummyimage.com/200x200,
385,Organic Almonds,Crunchy and nutritious organic almonds,$692.73 ,Food,3.1,"['Food', 'Organic', 'Snack']",378,Nature's Best,1/10/2022,$776.44 ,10.78,https://www.robinson.com/,https://dummyimage.com/200x200,
386,Smartphone X,Latest model with cutting-edge features,$542.38 ,Electronics,3,"['Gadget', 'Smartphone', 'Tech']",214,Tech Corp,9/20/2021,$545.24 ,0.52,http://gutierrez.com/,https://dummyimage.com/200x200,
387,Blue Jeans,Classic blue jeans for everyday wear,$835.06 ,Clothing,2.6,"['Apparel', 'Clothing', 'Casual']",781,Denim Co.,6/15/2021,"$1,051.15 ",20.56,https://www.johnson.com/,https://www.lorempixel.com/200/200,
388,Sparkling Water,Refreshing and fizzy mineral water,$819.53 ,Food,2.7,"['Drink', 'Water', 'Beverage']",475,Beverage Co.,2/15/2021,"$1,028.09 ",20.29,https://www.miller-bennett.com/,https://www.lorempixel.com/200/200,
389,Smartphone X,Latest model with cutting-edge features,$657.47 ,Electronics,1.7,"['Gadget', 'Smartphone', 'Tech']",124,Tech Corp,9/20/2021,$759.19 ,13.4,http://www.romero.com/,https://dummyimage.com/200x200,
390,Inception,A mind-bending thriller by Christopher Nolan,$13.82 ,Movie,1.4,"['Thriller', 'Sci-Fi', 'Action']",458,Warner Bros,7/16/2010,$17.85 ,22.58,http://dunn-conrad.com/,https://www.lorempixel.com/200/200,
391,Wooden Desk,Solid wood desk for office or home use,$126.89 ,Furniture,1.9,"['Furniture', 'Office', 'Home']",314,Furniture Co.,8/5/2020,$137.14 ,7.47,http://jones-fuller.com/,https://placeimg.com/200/200/any,
392,Blue Jeans,Classic blue jeans for everyday wear,$853.68 ,Clothing,1.7,"['Apparel', 'Clothing', 'Casual']",1,Denim Co.,6/15/2021,"$1,105.14 ",22.75,https://www.smith.com/,https://dummyimage.com/200x200,
393,The Matrix,A hacker discovers a shocking truth about reality,$697.36 ,Movie,1.3,"['Action', 'Sci-Fi', 'Thriller']",174,Warner Bros,3/31/1999,$852.08 ,18.16,http://www.williams.com/,https://placekitten.com/200/200,
394,Inception,A mind-bending thriller by Christopher Nolan,$129.59 ,Movie,3.8,"['Thriller', 'Sci-Fi', 'Action']",689,Warner Bros,7/16/2010,$158.06 ,18.01,https://www.allen.com/,https://dummyimage.com/200x200,
395,Wooden Desk,Solid wood desk for office or home use,$531.32 ,Furniture,4.6,"['Furniture', 'Office', 'Home']",753,Furniture Co.,8/5/2020,$639.54 ,16.92,https://lewis.info/,https://www.lorempixel.com/200/200,
396,Sparkling Water,Refreshing and fizzy mineral water,$978.85 ,Food,4.1,"['Drink', 'Water', 'Beverage']",193,Beverage Co.,2/15/2021,"$1,054.30 ",7.16,http://www.wolfe.org/,https://placekitten.com/200/200,
397,Modern Sofa,A comfortable modern sofa for living rooms,$688.75 ,Furniture,1.8,"['Furniture', 'Home', 'Living Room']",647,HomeStyle,3/10/2021,$852.17 ,19.18,http://castro.com/,https://www.lorempixel.com/200/200,
398,Modern Sofa,A comfortable modern sofa for living rooms,$367.46 ,Furniture,2.2,"['Furniture', 'Home', 'Living Room']",178,HomeStyle,3/10/2021,$417.79 ,12.05,https://www.wood.com/,https://placekitten.com/200/200,
399,Smartphone X,Latest model with cutting-edge features,$821.73 ,Electronics,2.6,"['Gadget', 'Smartphone', 'Tech']",318,Tech Corp,9/20/2021,$929.08 ,11.55,https://hernandez.com/,https://dummyimage.com/200x200,
400,Sparkling Water,Refreshing and fizzy mineral water,$607.43 ,Food,4.5,"['Drink', 'Water', 'Beverage']",828,Beverage Co.,2/15/2021,$718.56 ,15.47,http://www.whitehead.com/,https://dummyimage.com/200x200,
401,Red Hoodie,A cozy red hoodie for cold days,$891.59 ,Clothing,1.8,"['Apparel', 'Clothing', 'Fashion']",988,Fashion Brand,1/1/2022,"$1,096.66 ",18.7,http://www.morgan.com/,https://placeimg.com/200/200/any,
402,Sparkling Water,Refreshing and fizzy mineral water,$680.24 ,Food,1.2,"['Drink', 'Water', 'Beverage']",602,Beverage Co.,2/15/2021,$842.60 ,19.27,https://montoya.org/,https://dummyimage.com/200x200,
403,1984,A dystopian novel about totalitarianism,$199.69 ,Book,2.2,"['Dystopian', 'Political', 'Science Fiction']",533,Secker & Warburg,6/8/1949,$256.05 ,22.01,http://www.lowe-howard.com/,https://placekitten.com/200/200,
404,Red Hoodie,A cozy red hoodie for cold days,$26.65 ,Clothing,3.8,"['Apparel', 'Clothing', 'Fashion']",295,Fashion Brand,1/1/2022,$33.42 ,20.26,https://jacobs.net/,https://placekitten.com/200/200,
405,Inception,A mind-bending thriller by Christopher Nolan,$759.49 ,Movie,2.3,"['Thriller', 'Sci-Fi', 'Action']",965,Warner Bros,7/16/2010,$918.05 ,17.27,http://www.perry.com/,https://placeimg.com/200/200/any,
406,Organic Almonds,Crunchy and nutritious organic almonds,$129.60 ,Food,3.2,"['Food', 'Organic', 'Snack']",153,Nature's Best,1/10/2022,$136.80 ,5.26,https://morrison.net/,https://placekitten.com/200/200,
407,1984,A dystopian novel about totalitarianism,$274.45 ,Book,3.8,"['Dystopian', 'Political', 'Science Fiction']",751,Secker & Warburg,6/8/1949,$310.80 ,11.7,http://robinson-snyder.net/,https://dummyimage.com/200x200,
408,Modern Sofa,A comfortable modern sofa for living rooms,$61.56 ,Furniture,4.2,"['Furniture', 'Home', 'Living Room']",273,HomeStyle,3/10/2021,$76.09 ,19.1,https://robinson.com/,https://placekitten.com/200/200,
409,1984,A dystopian novel about totalitarianism,$577.33 ,Book,1.3,"['Dystopian', 'Political', 'Science Fiction']",312,Secker & Warburg,6/8/1949,$723.87 ,20.24,https://www.roberts.com/,https://www.lorempixel.com/200/200,
410,Wooden Desk,Solid wood desk for office or home use,$75.70 ,Furniture,2.6,"['Furniture', 'Office', 'Home']",616,Furniture Co.,8/5/2020,$95.19 ,20.47,http://www.gordon.com/,https://www.lorempixel.com/200/200,
411,Sparkling Water,Refreshing and fizzy mineral water,$850.48 ,Food,2.9,"['Drink', 'Water', 'Beverage']",903,Beverage Co.,2/15/2021,$994.65 ,14.49,https://www.hoffman.biz/,https://dummyimage.com/200x200,
412,Red Hoodie,A cozy red hoodie for cold days,$858.52 ,Clothing,4.3,"['Apparel', 'Clothing', 'Fashion']",637,Fashion Brand,1/1/2022,$897.76 ,4.37,https://johnson.info/,https://www.lorempixel.com/200/200,
413,Organic Almonds,Crunchy and nutritious organic almonds,$428.48 ,Food,3.6,"['Food', 'Organic', 'Snack']",285,Nature's Best,1/10/2022,$545.38 ,21.43,https://www.clark-castillo.info/,https://placekitten.com/200/200,
414,Sparkling Water,Refreshing and fizzy mineral water,$504.28 ,Food,4.3,"['Drink', 'Water', 'Beverage']",951,Beverage Co.,2/15/2021,$579.53 ,12.98,https://www.mccarthy-miller.com/,https://www.lorempixel.com/200/200,
415,Wireless Earbuds,High-quality sound in a compact design,$583.47 ,Electronics,1.1,"['Audio', 'Electronics', 'Wireless']",420,Audio Masters,12/1/2021,$592.28 ,1.49,http://www.smith.org/,https://dummyimage.com/200x200,
416,1984,A dystopian novel about totalitarianism,$948.91 ,Book,2.3,"['Dystopian', 'Political', 'Science Fiction']",126,Secker & Warburg,6/8/1949,"$1,042.48 ",8.98,http://horne.com/,https://dummyimage.com/200x200,
417,1984,A dystopian novel about totalitarianism,$262.58 ,Book,1.7,"['Dystopian', 'Political', 'Science Fiction']",483,Secker & Warburg,6/8/1949,$289.44 ,9.28,https://coleman-edwards.info/,https://www.lorempixel.com/200/200,
418,Sparkling Water,Refreshing and fizzy mineral water,$169.05 ,Food,1.4,"['Drink', 'Water', 'Beverage']",552,Beverage Co.,2/15/2021,$202.38 ,16.47,https://leon.com/,https://placekitten.com/200/200,
419,To Kill a Mockingbird,A novel about racial injustice in the Deep South,$513.41 ,Book,1.7,"['Classic', 'Drama', 'Historical']",487,J.B. Lippincott & Co.,7/11/1960,$647.57 ,20.72,http://www.lindsey-collins.com/,https://placekitten.com/200/200,
420,Blue Jeans,Classic blue jeans for everyday wear,$213.88 ,Clothing,3.9,"['Apparel', 'Clothing', 'Casual']",897,Denim Co.,6/15/2021,$277.47 ,22.92,https://www.cochran.biz/,https://placeimg.com/200/200/any,
421,Modern Sofa,A comfortable modern sofa for living rooms,$130.10 ,Furniture,3.6,"['Furniture', 'Home', 'Living Room']",589,HomeStyle,3/10/2021,$162.01 ,19.7,https://curtis-lawson.org/,https://placeimg.com/200/200/any,
422,Wooden Desk,Solid wood desk for office or home use,$113.31 ,Furniture,2.5,"['Furniture', 'Office', 'Home']",692,Furniture Co.,8/5/2020,$133.32 ,15.01,http://ingram-sanders.com/,https://www.lorempixel.com/200/200,
423,The Matrix,A hacker discovers a shocking truth about reality,$316.32 ,Movie,4.4,"['Action', 'Sci-Fi', 'Thriller']",925,Warner Bros,3/31/1999,$395.25 ,19.97,https://www.lawrence-murphy.biz/,https://www.lorempixel.com/200/200,
424,Wireless Earbuds,High-quality sound in a compact design,$355.79 ,Electronics,3.3,"['Audio', 'Electronics', 'Wireless']",326,Audio Masters,12/1/2021,$384.99 ,7.58,http://www.reid.com/,https://www.lorempixel.com/200/200,
425,Smartphone X,Latest model with cutting-edge features,$277.20 ,Electronics,4.7,"['Gadget', 'Smartphone', 'Tech']",66,Tech Corp,9/20/2021,$330.88 ,16.22,http://www.gonzalez.org/,https://dummyimage.com/200x200,
426,1984,A dystopian novel about totalitarianism,$24.65 ,Book,2.9,"['Dystopian', 'Political', 'Science Fiction']",846,Secker & Warburg,6/8/1949,$30.99 ,20.46,https://west.biz/,https://placeimg.com/200/200/any,
427,1984,A dystopian novel about totalitarianism,$615.45 ,Book,4.3,"['Dystopian', 'Political', 'Science Fiction']",854,Secker & Warburg,6/8/1949,$694.68 ,11.41,http://www.cruz.info/,https://placekitten.com/200/200,
428,Red Hoodie,A cozy red hoodie for cold days,$697.50 ,Clothing,1.8,"['Apparel', 'Clothing', 'Fashion']",128,Fashion Brand,1/1/2022,$841.34 ,17.1,http://alexander.info/,https://placekitten.com/200/200,
429,Smartphone X,Latest model with cutting-edge features,$623.01 ,Electronics,2.6,"['Gadget', 'Smartphone', 'Tech']",953,Tech Corp,9/20/2021,$651.14 ,4.32,http://valencia.org/,https://placeimg.com/200/200/any,
430,Sparkling Water,Refreshing and fizzy mineral water,$717.97 ,Food,2.6,"['Drink', 'Water', 'Beverage']",117,Beverage Co.,2/15/2021,$788.82 ,8.98,https://brown-miller.com/,https://dummyimage.com/200x200,
431,The Matrix,A hacker discovers a shocking truth about reality,$920.99 ,Movie,1.7,"['Action', 'Sci-Fi', 'Thriller']",917,Warner Bros,3/31/1999,"$1,075.76 ",14.39,https://phillips.net/,https://www.lorempixel.com/200/200,
432,Sparkling Water,Refreshing and fizzy mineral water,$204.86 ,Food,4.8,"['Drink', 'Water', 'Beverage']",299,Beverage Co.,2/15/2021,$257.59 ,20.47,http://www.wright.com/,https://dummyimage.com/200x200,
433,1984,A dystopian novel about totalitarianism,$22.68 ,Book,3.7,"['Dystopian', 'Political', 'Science Fiction']",323,Secker & Warburg,6/8/1949,$25.26 ,10.21,http://vaughan-vasquez.info/,https://placekitten.com/200/200,
434,Blue Jeans,Classic blue jeans for everyday wear,$933.55 ,Clothing,1.9,"['Apparel', 'Clothing', 'Casual']",802,Denim Co.,6/15/2021,"$1,203.10 ",22.4,http://schroeder-greene.com/,https://placekitten.com/200/200,
435,Wooden Desk,Solid wood desk for office or home use,$529.31 ,Furniture,1.8,"['Furniture', 'Office', 'Home']",688,Furniture Co.,8/5/2020,$674.00 ,21.47,http://www.wallace.org/,https://placekitten.com/200/200,
436,The Matrix,A hacker discovers a shocking truth about reality,$579.05 ,Movie,2.4,"['Action', 'Sci-Fi', 'Thriller']",146,Warner Bros,3/31/1999,$581.68 ,0.45,https://fuller.net/,https://placekitten.com/200/200,
437,Wooden Desk,Solid wood desk for office or home use,$227.06 ,Furniture,2.4,"['Furniture', 'Office', 'Home']",451,Furniture Co.,8/5/2020,$233.96 ,2.95,http://www.buchanan.com/,https://www.lorempixel.com/200/200,
438,Wireless Earbuds,High-quality sound in a compact design,$358.79 ,Electronics,1.3,"['Audio', 'Electronics', 'Wireless']",460,Audio Masters,12/1/2021,$452.87 ,20.77,http://hutchinson.net/,https://www.lorempixel.com/200/200,
439,Organic Almonds,Crunchy and nutritious organic almonds,$649.34 ,Food,3.4,"['Food', 'Organic', 'Snack']",491,Nature's Best,1/10/2022,$661.19 ,1.79,http://watts-robinson.biz/,https://dummyimage.com/200x200,
440,Wooden Desk,Solid wood desk for office or home use,$43.02 ,Furniture,4.6,"['Furniture', 'Office', 'Home']",241,Furniture Co.,8/5/2020,$44.42 ,3.15,http://www.walker.com/,https://placekitten.com/200/200,
441,The Matrix,A hacker discovers a shocking truth about reality,$58.57 ,Movie,3.8,"['Action', 'Sci-Fi', 'Thriller']",847,Warner Bros,3/31/1999,$61.07 ,4.09,http://www.daniels.com/,https://placekitten.com/200/200,
442,Inception,A mind-bending thriller by Christopher Nolan,$939.38 ,Movie,4.2,"['Thriller', 'Sci-Fi', 'Action']",880,Warner Bros,7/16/2010,"$1,220.02 ",23,http://howe-schmidt.org/,https://placeimg.com/200/200/any,
443,Red Hoodie,A cozy red hoodie for cold days,$569.49 ,Clothing,4.7,"['Apparel', 'Clothing', 'Fashion']",609,Fashion Brand,1/1/2022,$666.67 ,14.58,http://www.hawkins.com/,https://placekitten.com/200/200,
444,Organic Almonds,Crunchy and nutritious organic almonds,$392.77 ,Food,1.2,"['Food', 'Organic', 'Snack']",444,Nature's Best,1/10/2022,$486.71 ,19.3,http://gomez-castro.com/,https://dummyimage.com/200x200,
445,Organic Almonds,Crunchy and nutritious organic almonds,$605.67 ,Food,3.4,"['Food', 'Organic', 'Snack']",624,Nature's Best,1/10/2022,$610.56 ,0.8,http://price-washington.com/,https://www.lorempixel.com/200/200,
446,Wireless Earbuds,High-quality sound in a compact design,$540.44 ,Electronics,1.1,"['Audio', 'Electronics', 'Wireless']",612,Audio Masters,12/1/2021,$649.59 ,16.8,https://www.hughes.org/,https://www.lorempixel.com/200/200,
447,Wireless Earbuds,High-quality sound in a compact design,$267.67 ,Electronics,2.2,"['Audio', 'Electronics', 'Wireless']",639,Audio Masters,12/1/2021,$318.84 ,16.05,https://johnson-watts.net/,https://placeimg.com/200/200/any,
448,Red Hoodie,A cozy red hoodie for cold days,$249.95 ,Clothing,2.6,"['Apparel', 'Clothing', 'Fashion']",657,Fashion Brand,1/1/2022,$273.65 ,8.66,http://russell.com/,https://placeimg.com/200/200/any,
449,Blue Jeans,Classic blue jeans for everyday wear,$472.28 ,Clothing,3.1,"['Apparel', 'Clothing', 'Casual']",493,Denim Co.,6/15/2021,$524.78 ,10,https://www.blackburn-mccormick.com/,https://dummyimage.com/200x200,
450,To Kill a Mockingbird,A novel about racial injustice in the Deep South,$760.85 ,Book,4.1,"['Classic', 'Drama', 'Historical']",652,J.B. Lippincott & Co.,7/11/1960,$958.79 ,20.64,https://gay-schultz.com/,https://www.lorempixel.com/200/200,
451,Wireless Earbuds,High-quality sound in a compact design,$560.81 ,Electronics,1.3,"['Audio', 'Electronics', 'Wireless']",231,Audio Masters,12/1/2021,$652.78 ,14.09,http://www.adams.com/,https://dummyimage.com/200x200,
452,To Kill a Mockingbird,A novel about racial injustice in the Deep South,$990.13 ,Book,2.6,"['Classic', 'Drama', 'Historical']",609,J.B. Lippincott & Co.,7/11/1960,"$1,150.43 ",13.93,http://mooney.com/,https://placekitten.com/200/200,
453,The Matrix,A hacker discovers a shocking truth about reality,$671.90 ,Movie,3.9,"['Action', 'Sci-Fi', 'Thriller']",773,Warner Bros,3/31/1999,$742.13 ,9.46,https://www.quinn.com/,https://placeimg.com/200/200/any,
454,Inception,A mind-bending thriller by Christopher Nolan,$20.90 ,Movie,2.9,"['Thriller', 'Sci-Fi', 'Action']",899,Warner Bros,7/16/2010,$23.00 ,9.13,http://www.mcdaniel.net/,https://placekitten.com/200/200,
455,Blue Jeans,Classic blue jeans for everyday wear,$529.41 ,Clothing,1.1,"['Apparel', 'Clothing', 'Casual']",593,Denim Co.,6/15/2021,$578.77 ,8.53,http://www.gilmore.net/,https://www.lorempixel.com/200/200,
456,Inception,A mind-bending thriller by Christopher Nolan,$108.50 ,Movie,3.3,"['Thriller', 'Sci-Fi', 'Action']",18,Warner Bros,7/16/2010,$133.73 ,18.87,https://www.schwartz.biz/,https://dummyimage.com/200x200,
457,Wooden Desk,Solid wood desk for office or home use,$547.43 ,Furniture,3.2,"['Furniture', 'Office', 'Home']",278,Furniture Co.,8/5/2020,$561.43 ,2.49,http://www.sosa-holmes.com/,https://www.lorempixel.com/200/200,
458,Wireless Earbuds,High-quality sound in a compact design,$459.13 ,Electronics,3.6,"['Audio', 'Electronics', 'Wireless']",379,Audio Masters,12/1/2021,$517.66 ,11.31,http://www.ortiz-fields.info/,https://placeimg.com/200/200/any,
459,Wireless Earbuds,High-quality sound in a compact design,$786.96 ,Electronics,1.2,"['Audio', 'Electronics', 'Wireless']",191,Audio Masters,12/1/2021,$792.35 ,0.68,https://harris-mcpherson.info/,https://placeimg.com/200/200/any,
460,Modern Sofa,A comfortable modern sofa for living rooms,$283.61 ,Furniture,4.4,"['Furniture', 'Home', 'Living Room']",653,HomeStyle,3/10/2021,$291.91 ,2.84,http://howell-gonzales.com/,https://dummyimage.com/200x200,
461,Modern Sofa,A comfortable modern sofa for living rooms,$610.44 ,Furniture,3,"['Furniture', 'Home', 'Living Room']",591,HomeStyle,3/10/2021,$758.84 ,19.56,http://www.lam-logan.info/,https://placeimg.com/200/200/any,
462,Modern Sofa,A comfortable modern sofa for living rooms,$546.24 ,Furniture,5,"['Furniture', 'Home', 'Living Room']",140,HomeStyle,3/10/2021,$644.32 ,15.22,http://www.hicks.com/,https://placekitten.com/200/200,
463,Blue Jeans,Classic blue jeans for everyday wear,$222.45 ,Clothing,2,"['Apparel', 'Clothing', 'Casual']",936,Denim Co.,6/15/2021,$262.93 ,15.4,http://www.thomas.com/,https://placeimg.com/200/200/any,
464,Wireless Earbuds,High-quality sound in a compact design,$345.55 ,Electronics,3.5,"['Audio', 'Electronics', 'Wireless']",901,Audio Masters,12/1/2021,$373.14 ,7.39,https://www.anderson.com/,https://dummyimage.com/200x200,
465,Red Hoodie,A cozy red hoodie for cold days,$710.13 ,Clothing,3.3,"['Apparel', 'Clothing', 'Fashion']",940,Fashion Brand,1/1/2022,$860.55 ,17.48,https://bennett-davis.com/,https://dummyimage.com/200x200,
466,Wireless Earbuds,High-quality sound in a compact design,$179.95 ,Electronics,2.7,"['Audio', 'Electronics', 'Wireless']",57,Audio Masters,12/1/2021,$196.11 ,8.24,https://www.jones.com/,https://www.lorempixel.com/200/200,
467,Wireless Earbuds,High-quality sound in a compact design,$562.62 ,Electronics,4.1,"['Audio', 'Electronics', 'Wireless']",972,Audio Masters,12/1/2021,$653.36 ,13.89,http://arellano.com/,https://placekitten.com/200/200,
468,Inception,A mind-bending thriller by Christopher Nolan,$645.39 ,Movie,2.4,"['Thriller', 'Sci-Fi', 'Action']",668,Warner Bros,7/16/2010,$798.37 ,19.16,https://chang.com/,https://www.lorempixel.com/200/200,
469,Red Hoodie,A cozy red hoodie for cold days,$503.05 ,Clothing,3.6,"['Apparel', 'Clothing', 'Fashion']",391,Fashion Brand,1/1/2022,$627.12 ,19.78,https://www.bennett-martin.com/,https://placeimg.com/200/200/any,
470,Wooden Desk,Solid wood desk for office or home use,$635.88 ,Furniture,2.6,"['Furniture', 'Office', 'Home']",755,Furniture Co.,8/5/2020,$637.10 ,0.19,http://www.larson.net/,https://www.lorempixel.com/200/200,
471,Wireless Earbuds,High-quality sound in a compact design,$384.19 ,Electronics,1.9,"['Audio', 'Electronics', 'Wireless']",788,Audio Masters,12/1/2021,$481.81 ,20.26,http://carson.com/,https://placeimg.com/200/200/any,
472,Modern Sofa,A comfortable modern sofa for living rooms,$329.51 ,Furniture,3.5,"['Furniture', 'Home', 'Living Room']",890,HomeStyle,3/10/2021,$364.88 ,9.69,https://www.buck.net/,https://dummyimage.com/200x200,
473,Wireless Earbuds,High-quality sound in a compact design,$468.21 ,Electronics,1.7,"['Audio', 'Electronics', 'Wireless']",729,Audio Masters,12/1/2021,$533.23 ,12.19,http://www.thomas-campbell.com/,https://dummyimage.com/200x200,
474,The Matrix,A hacker discovers a shocking truth about reality,$981.94 ,Movie,1.9,"['Action', 'Sci-Fi', 'Thriller']",15,Warner Bros,3/31/1999,"$1,032.48 ",4.9,http://www.blanchard-hatfield.com/,https://placekitten.com/200/200,
475,The Matrix,A hacker discovers a shocking truth about reality,$441.01 ,Movie,2.9,"['Action', 'Sci-Fi', 'Thriller']",650,Warner Bros,3/31/1999,$468.79 ,5.93,https://martinez.org/,https://placekitten.com/200/200,
476,Red Hoodie,A cozy red hoodie for cold days,$663.62 ,Clothing,4.4,"['Apparel', 'Clothing', 'Fashion']",2,Fashion Brand,1/1/2022,$776.45 ,14.53,http://www.campbell-cooke.com/,https://dummyimage.com/200x200,
477,Modern Sofa,A comfortable modern sofa for living rooms,$563.04 ,Furniture,3.3,"['Furniture', 'Home', 'Living Room']",667,HomeStyle,3/10/2021,$622.77 ,9.59,https://www.gross.com/,https://www.lorempixel.com/200/200,
478,To Kill a Mockingbird,A novel about racial injustice in the Deep South,$591.69 ,Book,3.5,"['Classic', 'Drama', 'Historical']",577,J.B. Lippincott & Co.,7/11/1960,$750.43 ,21.15,http://www.hale.com/,https://placekitten.com/200/200,
479,The Matrix,A hacker discovers a shocking truth about reality,$364.90 ,Movie,2.9,"['Action', 'Sci-Fi', 'Thriller']",856,Warner Bros,3/31/1999,$429.16 ,14.97,http://jones.org/,https://placeimg.com/200/200/any,
480,To Kill a Mockingbird,A novel about racial injustice in the Deep South,$821.48 ,Book,4.6,"['Classic', 'Drama', 'Historical']",425,J.B. Lippincott & Co.,7/11/1960,$977.46 ,15.96,http://www.jones-brown.info/,https://www.lorempixel.com/200/200,
481,The Matrix,A hacker discovers a shocking truth about reality,$707.83 ,Movie,4.6,"['Action', 'Sci-Fi', 'Thriller']",227,Warner Bros,3/31/1999,$865.69 ,18.24,https://ramirez-torres.com/,https://www.lorempixel.com/200/200,
482,1984,A dystopian novel about totalitarianism,$16.40 ,Book,2.7,"['Dystopian', 'Political', 'Science Fiction']",146,Secker & Warburg,6/8/1949,$20.94 ,21.68,https://bradshaw.com/,https://www.lorempixel.com/200/200,
483,To Kill a Mockingbird,A novel about racial injustice in the Deep South,$635.46 ,Book,4.6,"['Classic', 'Drama', 'Historical']",724,J.B. Lippincott & Co.,7/11/1960,$786.07 ,19.16,https://nichols.info/,https://placeimg.com/200/200/any,
484,1984,A dystopian novel about totalitarianism,$374.26 ,Book,4.2,"['Dystopian', 'Political', 'Science Fiction']",528,Secker & Warburg,6/8/1949,$389.27 ,3.86,https://pruitt-rodriguez.com/,https://www.lorempixel.com/200/200,
485,1984,A dystopian novel about totalitarianism,$84.39 ,Book,3.3,"['Dystopian', 'Political', 'Science Fiction']",225,Secker & Warburg,6/8/1949,$96.05 ,12.14,http://rose.info/,https://placeimg.com/200/200/any,
486,Wireless Earbuds,High-quality sound in a compact design,$468.63 ,Electronics,4,"['Audio', 'Electronics', 'Wireless']",329,Audio Masters,12/1/2021,$540.26 ,13.26,http://www.johnson.com/,https://dummyimage.com/200x200,
487,1984,A dystopian novel about totalitarianism,$889.47 ,Book,2.2,"['Dystopian', 'Political', 'Science Fiction']",112,Secker & Warburg,6/8/1949,$969.54 ,8.26,http://www.michael.com/,https://www.lorempixel.com/200/200,
488,Wireless Earbuds,High-quality sound in a compact design,$967.04 ,Electronics,4.8,"['Audio', 'Electronics', 'Wireless']",794,Audio Masters,12/1/2021,"$1,017.13 ",4.92,http://www.short.com/,https://placekitten.com/200/200,
489,1984,A dystopian novel about totalitarianism,$228.21 ,Book,3.5,"['Dystopian', 'Political', 'Science Fiction']",604,Secker & Warburg,6/8/1949,$281.61 ,18.96,http://www.maddox-dickerson.com/,https://placekitten.com/200/200,
490,The Matrix,A hacker discovers a shocking truth about reality,$500.04 ,Movie,3.9,"['Action', 'Sci-Fi', 'Thriller']",760,Warner Bros,3/31/1999,$608.97 ,17.89,http://scott-thompson.org/,https://www.lorempixel.com/200/200,
491,Wireless Earbuds,High-quality sound in a compact design,$201.19 ,Electronics,2.4,"['Audio', 'Electronics', 'Wireless']",827,Audio Masters,12/1/2021,$210.32 ,4.34,http://williams-dickerson.org/,https://placekitten.com/200/200,
492,Sparkling Water,Refreshing and fizzy mineral water,$939.79 ,Food,2.3,"['Drink', 'Water', 'Beverage']",91,Beverage Co.,2/15/2021,"$1,047.84 ",10.31,https://walker-turner.info/,https://dummyimage.com/200x200,
493,Red Hoodie,A cozy red hoodie for cold days,$198.01 ,Clothing,3.9,"['Apparel', 'Clothing', 'Fashion']",193,Fashion Brand,1/1/2022,$209.83 ,5.63,https://www.mckee.net/,https://www.lorempixel.com/200/200,
494,To Kill a Mockingbird,A novel about racial injustice in the Deep South,$188.79 ,Book,4.5,"['Classic', 'Drama', 'Historical']",918,J.B. Lippincott & Co.,7/11/1960,$220.38 ,14.33,https://moreno.com/,https://dummyimage.com/200x200,
495,The Matrix,A hacker discovers a shocking truth about reality,$260.69 ,Movie,3.1,"['Action', 'Sci-Fi', 'Thriller']",182,Warner Bros,3/31/1999,$278.14 ,6.27,https://blackburn.com/,https://placeimg.com/200/200/any,
496,To Kill a Mockingbird,A novel about racial injustice in the Deep South,$669.20 ,Book,1.7,"['Classic', 'Drama', 'Historical']",863,J.B. Lippincott & Co.,7/11/1960,$726.20 ,7.85,http://murphy-barrett.org/,https://placekitten.com/200/200,
497,Wooden Desk,Solid wood desk for office or home use,$409.25 ,Furniture,3.4,"['Furniture', 'Office', 'Home']",224,Furniture Co.,8/5/2020,$469.93 ,12.91,http://mathis.com/,https://dummyimage.com/200x200,
498,Blue Jeans,Classic blue jeans for everyday wear,$28.43 ,Clothing,3.5,"['Apparel', 'Clothing', 'Casual']",830,Denim Co.,6/15/2021,$28.67 ,0.84,https://baker.com/,https://www.lorempixel.com/200/200,
499,1984,A dystopian novel about totalitarianism,$100.24 ,Book,4.1,"['Dystopian', 'Political', 'Science Fiction']",371,Secker & Warburg,6/8/1949,$108.54 ,7.65,http://miranda.com/,https://dummyimage.com/200x200,
500,Wireless Earbuds,High-quality sound in a compact design,$924.02 ,Electronics,4.7,"['Audio', 'Electronics', 'Wireless']",803,Audio Masters,12/1/2021,"$1,060.82 ",12.9,http://smith.com/,https://www.lorempixel.com/200/200,
